Code,Name,IsDelisted,ListingDate,DelistingDate
005930,삼성전자,False,,
000660,SK하이닉스,False,,
005935,삼성전자우,False,,
402340,SK스퀘어,False,,
009150,삼성전기,False,,
373220,LG에너지솔루션,False,,
005380,현대차,False,,
207940,삼성바이오로직스,False,,
105560,KB금융,False,,
028260,삼성물산,False,,
032830,삼성생명,False,,
012450,한화에어로스페이스,False,,
034020,두산에너빌리티,False,,
055550,신한지주,False,,
329180,HD현대중공업,False,,
000270,기아,False,,
034730,SK,False,,
006400,삼성SDI,False,,
068270,셀트리온,False,,
086790,하나금융지주,False,,
066570,LG전자,False,,
012330,현대모비스,False,,
010120,LS ELECTRIC,False,,
035420,NAVER,False,,
000810,삼성화재,False,,
298040,효성중공업,False,,
316140,우리금융지주,False,,
267260,HD현대일렉트릭,False,,
096770,SK이노베이션,False,,
005490,POSCO홀딩스,False,,
000150,두산,False,,
042660,한화오션,False,,
009540,HD한국조선해양,False,,
010130,고려아연,False,,
042700,한미반도체,False,,
138040,메리츠금융지주,False,,
011200,HMM,False,,
015760,한국전력,False,,
017670,SK텔레콤,False,,
033780,KT&G,False,,
051910,LG화학,False,,
010140,삼성중공업,False,,
010950,S-Oil,False,,
006800,미래에셋증권,False,,
018260,삼성에스디에스,False,,
003550,LG,False,,
024110,기업은행,False,,
267250,HD현대,False,,
003670,포스코퓨처엠,False,,
079550,LIG디펜스앤에어로스페이스,False,,
035720,카카오,False,,
086280,현대글로비스,False,,
272210,한화시스템,False,,
278470,에이피알,False,,
000720,현대건설,False,,
030200,KT,False,,
011070,LG이노텍,False,,
064350,현대로템,False,,
047810,한국항공우주,False,,
005830,DB손해보험,False,,
003490,대한항공,False,,
443060,HD현대마린솔루션,False,,
071050,한국금융지주,False,,
307950,현대오토에버,False,,
078930,GS,False,,
006260,LS,False,,
047050,포스코인터내셔널,False,,
028050,삼성E&A,False,,
005940,NH투자증권,False,,
323410,카카오뱅크,False,,
000500,가온전선,False,,
180640,한진칼,False,,
003230,삼양식품,False,,
259960,크래프톤,False,,
007660,이수페타시스,False,,
090430,아모레퍼시픽,False,,
0126Z0,삼성에피스홀딩스,False,,
016360,삼성증권,False,,
047040,대우건설,False,,
161390,한국타이어앤테크놀로지,False,,
021240,코웨이,False,,
039490,키움증권,False,,
000880,한화,False,,
352820,하이브,False,,
064400,LG씨엔에스,False,,
128940,한미약품,False,,
009830,한화솔루션,False,,
062040,산일전기,False,,
032640,LG유플러스,False,,
267270,HD건설기계,False,,
005387,현대차2우B,False,,
001440,대한전선,False,,
326030,SK바이오팜,False,,
353200,대덕전자,False,,
000990,DB하이텍,False,,
175330,JB금융지주,False,,
241560,두산밥캣,False,,
377300,카카오페이,False,,
000100,유한양행,False,,
052690,한전기술,False,,
029780,삼성카드,False,,
138930,BNK금융지주,False,,
088350,한화생명,False,,
088980,맥쿼리인프라,False,,
454910,두산로보틱스,False,,
036570,NC,False,,
066970,엘앤에프,False,,
011790,SKC,False,,
051900,LG생활건강,False,,
271560,오리온,False,,
004020,현대제철,False,,
034220,LG디스플레이,False,,
002380,KCC,False,,
001450,현대해상,False,,
005385,현대차우,False,,
082740,한화엔진,False,,
103590,일진전기,False,,
010060,OCI홀딩스,False,,
001040,CJ,False,,
008930,한미사이언스,False,,
161890,한국콜마,False,,
018880,한온시스템,False,,
036460,한국가스공사,False,,
004170,신세계,False,,
012750,에스원,False,,
375500,DL이앤씨,False,,
336260,두산퓨얼셀,False,,
192820,코스맥스,False,,
111770,영원무역,False,,
035250,강원랜드,False,,
022100,포스코DX,False,,
028670,팬오션,False,,
006360,GS건설,False,,
011780,금호석유화학,False,,
023530,롯데쇼핑,False,,
031210,서울보증보험,False,,
017800,현대엘리베이터,False,,
251270,넷마블,False,,
139130,iM금융지주,False,,
302440,SK바이오사이언스,False,,
007340,DN오토모티브,False,,
004800,효성,False,,
097950,CJ제일제당,False,,
085620,미래에셋생명,False,,
383220,F&F,False,,
003690,코리안리,False,,
011170,롯데케미칼,False,,
014680,한솔케미칼,False,,
026960,동서,False,,
450080,에코프로머티,False,,
009420,한올바이오파마,False,,
004990,롯데지주,False,,
489790,한화비전,False,,
005440,현대지에프홀딩스,False,,
004370,농심,False,,
000240,한국앤컴퍼니,False,,
282330,BGF리테일,False,,
483650,달바글로벌,False,,
001720,신영증권,False,,
005850,에스엘,False,,
018670,SK가스,False,,
279570,케이뱅크,False,,
103140,풍산,False,,
204320,HL만도,False,,
009970,영원무역홀딩스,False,,
112610,씨에스윈드,False,,
020150,롯데에너지머티리얼즈,False,,
069960,현대백화점,False,,
051600,한전KPS,False,,
030000,제일기획,False,,
002790,아모레퍼시픽홀딩스,False,,
081660,미스토홀딩스,False,,
139480,이마트,False,,
000155,두산우,False,,
229640,LS에코에너지,False,,
457190,이수스페셜티케미컬,False,,
007070,GS리테일,False,,
073240,금호타이어,False,,
462870,시프트업,False,,
181710,NHN,False,,
089860,롯데렌탈,False,,
439260,대한조선,False,,
475150,SK이터닉스,False,,
020560,아시아나항공,False,,
281820,케이씨텍,False,,
023590,다우기술,False,,
071970,HD현대마린엔진,False,,
120110,코오롱인더,False,,
395400,SK리츠,False,,
000120,CJ대한통운,False,,
001430,세아베스틸지주,False,,
008770,호텔신라,False,,
294870,IPARK현대산업개발,False,,
007810,코리아써키트,False,,
001120,LX인터내셔널,False,,
006040,동원산업,False,,
001820,삼화콘덴서,False,,
012630,HDC,False,,
009155,삼성전기우,False,,
093370,후성,False,,
006280,녹십자,False,,
001800,오리온홀딩스,False,,
011210,현대위아,False,,
361610,SK아이이테크놀로지,False,,
005070,코스모신소재,False,,
00680K,미래에셋증권2우B,False,,
298020,효성티앤씨,False,,
322000,HD현대에너지솔루션,False,,
097230,HJ중공업,False,,
415640,KB발해인프라,False,,
007310,오뚜기,False,,
003540,대신증권,False,,
192080,더블유게임즈,False,,
069620,대웅제약,False,,
000815,삼성화재우,False,,
001740,SK네트웍스,False,,
066575,LG전자우,False,,
330590,롯데리츠,False,,
300720,한일시멘트,False,,
280360,롯데웰푸드,False,,
030610,교보증권,False,,
004000,롯데정밀화학,False,,
000210,DL,False,,
006340,대원전선,False,,
000080,하이트진로,False,,
006120,SK디스커버리,False,,
017960,한국카본,False,,
195870,해성디에스,False,,
003160,디아이,False,,
003240,태광산업,False,,
003530,한화투자증권,False,,
451800,한화리츠,False,,
192400,쿠쿠홀딩스,False,,
009240,한샘,False,,
032350,롯데관광개발,False,,
003090,대웅,False,,
030190,NICE평가정보,False,,
071320,지역난방공사,False,,
185750,종근당,False,,
005300,롯데칠성,False,,
000370,한화손해보험,False,,
034230,파라다이스,False,,
077970,STX엔진,False,,
051915,LG화학우,False,,
009450,경동나비엔,False,,
003570,SNT다이내믹스,False,,
285130,SK케미칼,False,,
079160,CJ CGV,False,,
071055,한국금융지주우,False,,
003470,유안타증권,False,,
004490,세방전지,False,,
006110,삼아알미늄,False,,
365550,ESR켄달스퀘어리츠,False,,
000670,영풍,False,,
100840,SNT에너지,False,,
005690,파미셀,False,,
005180,빙그레,False,,
036530,SNT홀딩스,False,,
137310,에스디바이오센서,False,,
499790,GS피앤엘,False,,
214320,이노션,False,,
298050,HS효성첨단소재,False,,
094800,맵스리얼티,False,,
003850,보령,False,,
100090,SK오션플랜트,False,,
005090,SGC에너지,False,,
456040,OCI,False,,
090460,비에이치,False,,
293940,신한알파리츠,False,,
064960,SNT모티브,False,,
268280,미원에스씨,False,,
002960,한국쉘석유,False,,
069260,TKG휴켐스,False,,
005880,대한해운,False,,
001570,금양,False,,
093050,LF,False,,
017940,E1,False,,
453340,현대그린푸드,False,,
000400,롯데손해보험,False,,
001060,JW중외제약,False,,
000640,동아쏘시오홀딩스,False,,
248070,솔루엠,False,,
383800,LX홀딩스,False,,
079900,전진건설로봇,False,,
001680,대상,False,,
002840,미원상사,False,,
317450,명인제약,False,,
014820,동원시스템즈,False,,
108320,LX세미콘,False,,
006650,대한유화,False,,
00088K,한화3우B,False,,
017900,광전자,False,,
025540,한국단자,False,,
075580,세진중공업,False,,
033240,자화전자,False,,
192650,드림텍,False,,
016380,KG스틸,False,,
114090,GKL,False,,
002350,넥센타이어,False,,
00104K,CJ4우(전환),False,,
0220W0,한화머시너리앤서비스홀딩스,False,,
003300,한일홀딩스,False,,
284740,쿠쿠홈시스,False,,
001270,부국증권,False,,
001510,SK증권,False,,
452260,한화갤러리아,False,,
336370,솔루스첨단소재,False,,
178920,PI첨단소재,False,,
005810,풍산홀딩스,False,,
004710,한솔테크닉스,False,,
001530,DI동일,False,,
007700,F&F홀딩스,False,,
009410,태영건설,False,,
058650,세아홀딩스,False,,
003620,KG모빌리티,False,,
003545,대신증권우,False,,
019170,신풍제약,False,,
001500,현대차증권,False,,
002990,금호건설,False,,
484870,엠앤씨솔루션,False,,
161000,애경케미칼,False,,
029460,케이씨,False,,
004690,삼천리,False,,
377740,바이오노트,False,,
039130,하나투어,False,,
145990,삼양사,False,,
460860,동국제강,False,,
008060,대덕,False,,
000070,삼양홀딩스,False,,
090435,아모레퍼시픽우,False,,
002240,고려제강,False,,
010780,아이에스동서,False,,
005250,녹십자홀딩스,False,,
448730,삼성FN리츠,False,,
002030,아세아,False,,
249420,일동제약,False,,
016610,DB증권,False,,
005945,NH투자증권우,False,,
004700,조광피혁,False,,
034310,NICE,False,,
009900,명신산업,False,,
003280,흥아해운,False,,
020000,한섬,False,,
003030,세아제강지주,False,,
357120,코람코라이프인프라리츠,False,,
072710,농심홀딩스,False,,
014830,유니드,False,,
005389,현대차3우B,False,,
092230,KPX홀딩스,False,,
403550,쏘카,False,,
130660,한전산업,False,,
001200,유진투자증권,False,,
271940,일진하이솔루스,False,,
005420,코스모화학,False,,
306200,세아제강,False,,
016590,신대양제지,False,,
003000,부광약품,False,,
002810,삼영무역,False,,
015360,INVENI,False,,
029530,신도리코,False,,
317400,자이에스앤디,False,,
344820,KCC글라스,False,,
183190,아세아시멘트,False,,
001940,KISCO홀딩스,False,,
194370,제이에스코퍼레이션,False,,
008730,율촌화학,False,,
126560,현대퓨처넷,False,,
089590,제주항공,False,,
031430,신세계인터내셔날,False,,
006220,제주은행,False,,
000157,두산2우B,False,,
003350,한국화장품제조,False,,
950210,프레스티지바이오파마,False,,
027410,BGF,False,,
02826K,삼성물산우B,False,,
060980,HL홀딩스,False,,
092790,넥스틸,False,,
0120G0,삼양바이오팜,False,,
217590,티엠씨,False,,
011930,신성이엔지,False,,
015860,일진홀딩스,False,,
104700,한국철강,False,,
105630,한세실업,False,,
007690,국도화학,False,,
006405,삼성SDI우,False,,
012030,DB,False,,
010955,S-Oil우,False,,
170900,동아에스티,False,,
005610,삼립,False,,
017810,풀무원,False,,
011760,현대코퍼레이션,False,,
002310,아세아제지,False,,
001230,동국홀딩스,False,,
096760,JW홀딩스,False,,
097520,엠씨넥스,False,,
009290,광동제약,False,,
024720,콜마홀딩스,False,,
145720,덴티움,False,,
272450,진에어,False,,
009160,SIMPAC,False,,
381970,KG모빌리티플랫폼,False,,
002020,코오롱,False,,
010580,에스엠벡셀,False,,
010820,퍼스텍,False,,
026890,스틱인베스트먼트,False,,
126720,수산인더스트리,False,,
025860,남해화학,False,,
000430,대원강업,False,,
123890,한국자산신탁,False,,
020120,키다리스튜디오,False,,
002710,TCC스틸,False,,
018250,애경산업,False,,
003120,일성아이에스,False,,
200880,서연이화,False,,
001750,한양증권,False,,
108670,LX하우시스,False,,
034830,한국토지신탁,False,,
244920,에이플러스에셋,False,,
005720,넥센,False,,
004310,현대약품,False,,
084690,대상홀딩스,False,,
033270,유나이티드제약,False,,
122900,아이마켓코리아,False,,
016800,퍼시스,False,,
001390,KG케미칼,False,,
005950,이수화학,False,,
105840,우진,False,,
002900,TYM,False,,
084010,대한제강,False,,
004430,송원산업,False,,
058430,포스코스틸리온,False,,
017390,서울가스,False,,
044450,KSS해운,False,,
005430,한국공항,False,,
037710,광주신세계,False,,
091810,트리니티항공,False,,
078520,에이블씨엔씨,False,,
286940,롯데이노베이트,False,,
010690,화신,False,,
004360,세방,False,,
334890,이지스밸류플러스리츠,False,,
003200,일신방직,False,,
005680,삼영전자,False,,
044820,코스맥스비티아이,False,,
298690,에어부산,False,,
136490,선진,False,,
432320,KB스타리츠,False,,
005500,삼진제약,False,,
007160,사조산업,False,,
003960,사조대림,False,,
001790,대한제당,False,,
404990,신한서부티엔디리츠,False,,
003920,남양유업,False,,
030210,다올투자증권,False,,
025000,KPX케미칼,False,,
053690,한미글로벌,False,,
348950,제이알글로벌리츠,False,,
003070,코오롱글로벌,False,,
001340,PKC,False,,
226320,잇츠한불,False,,
008490,서흥,False,,
000680,LS네트웍스,False,,
001470,삼부토건,False,,
009680,모토닉,False,,
0030R0,대신밸류리츠,False,,
028100,동아지질,False,,
134380,미원화학,False,,
000540,흥국화재,False,,
03473K,SK우,False,,
002320,한진,False,,
000050,경방,False,,
003720,삼영,False,,
034120,SBS,False,,
001460,BYC,False,,
003650,미창석유,False,,
035510,신세계 I&C,False,,
000490,대동,False,,
092200,디아이씨,False,,
475560,더본코리아,False,,
017860,DS단석,False,,
005010,휴스틸,False,,
900140,엘브이엠씨홀딩스,False,,
033920,무학,False,,
000320,노루홀딩스,False,,
001250,GS글로벌,False,,
088260,이리츠코크렙,False,,
035150,백산,False,,
051905,LG생활건강우,False,,
011500,한농화성,False,,
003555,LG우,False,,
000650,천일고속,False,,
000480,CR홀딩스,False,,
013580,계룡건설,False,,
004980,성신양회,False,,
077500,유니퀘스트,False,,
377190,디앤디플랫폼리츠,False,,
037270,YG PLUS,False,,
100250,진양홀딩스,False,,
298000,효성화학,False,,
039570,HDC랩스,False,,
095570,AJ네트웍스,False,,
117580,대성에너지,False,,
002420,우양피앤엘,False,,
000390,SP삼화,False,,
005960,동부건설,False,,
339770,교촌에프앤비,False,,
053210,스카이라이프,False,,
001630,종근당홀딩스,False,,
102460,이연제약,False,,
004560,현대비앤지스틸,False,,
016580,환인제약,False,,
003520,영진약품,False,,
003547,대신증권2우B,False,,
001130,대한제분,False,,
487570,HS효성,False,,
102260,동성케미컬,False,,
003610,방림,False,,
128820,대성산업,False,,
033530,SJG세종,False,,
025560,미래산업,False,,
000140,하이트진로홀딩스,False,,
015230,대창단조,False,,
213500,한솔제지,False,,
003220,대원제약,False,,
000520,삼일제약,False,,
002100,경농,False,,
000300,DH오토넥스,False,,
234080,JW생명과학,False,,
000700,유수홀딩스,False,,
016450,한세예스24홀딩스,False,,
009470,삼화전기,False,,
007860,서연,False,,
002150,도화엔지니어링,False,,
003460,유화증권,False,,
241590,화승엔터프라이즈,False,,
101530,해태제과식품,False,,
013890,지누스,False,,
002170,SYTS,False,,
014710,사조씨푸드,False,,
460850,동국씨엠,False,,
006805,미래에셋증권우,False,,
000860,강남제비스코,False,,
090350,노루페인트,False,,
00279K,아모레퍼시픽홀딩스3우C,False,,
400760,NH올원리츠,False,,
004380,삼익THK,False,,
462520,조선내화,False,,
001780,알루코,False,,
000970,한국주철관,False,,
001045,CJ우,False,,
011785,금호석유화학우,False,,
007570,일양약품,False,,
016880,웅진,False,,
271980,제일약품,False,,
004090,한국석유,False,,
097955,CJ제일제당 우,False,,
003830,대한화섬,False,,
293480,하나제약,False,,
272550,삼양패키징,False,,
025820,이구산업,False,,
004970,신라교역,False,,
004150,한솔홀딩스,False,,
071840,롯데하이마트,False,,
107590,미원홀딩스,False,,
000020,동화약품,False,,
094280,효성ITX,False,,
003480,한진중공업홀딩스,False,,
015890,태경산업,False,,
008350,남선알미늄,False,,
007540,샘표,False,,
004080,신흥,False,,
012610,경인양행,False,,
024090,디씨엠,False,,
081000,일진다이아,False,,
001080,만호제강,False,,
018470,조일알미늄,False,,
214390,경보제약,False,,
014280,금강공업,False,,
009270,신원,False,,
092220,KEC,False,,
267290,경동도시가스,False,,
013520,화승코퍼레이션,False,,
004960,한신공영,False,,
001520,동양,False,,
001210,금호전기,False,,
078000,텔코웨어,False,,
001360,삼성제약,False,,
011690,와이투솔루션,False,,
350520,이지스레지던스리츠,False,,
210540,디와이파워,False,,
006060,화승인더,False,,
002210,동성제약,False,,
005800,신영와코루,False,,
009070,KCTC,False,,
214420,토니모리,False,,
002620,제일파마홀딩스,False,,
089470,HDC현대EP,False,,
003010,혜인,False,,
037560,LG헬로비전,False,,
008970,KBI동양철관,False,,
227840,현대코퍼레이션홀딩스,False,,
034590,인천도시가스,False,,
002390,한독,False,,
016740,두올,False,,
014530,극동유화,False,,
017550,수산세보틱스,False,,
004100,태양금속,False,,
015590,DKME,False,,
079430,현대리바트,False,,
016710,대성홀딩스,False,,
023450,동남합성,False,,
002460,HS화성,False,,
009580,무림P&P,False,,
083420,그린케미칼,False,,
011810,STX,False,,
013570,디와이,False,,
37550L,DL이앤씨2우(전환),False,,
012800,대창,False,,
008040,사조동아원,False,,
120030,조선선재,False,,
012320,경동인베스트,False,,
021820,세원정공,False,,
014580,태경비케이,False,,
078935,GS우,False,,
004250,NPC,False,,
027970,한국제지,False,,
035000,HS애드,False,,
123690,한국화장품,False,,
267850,아시아나IDT,False,,
010100,한국무브넥스,False,,
248170,샘표식품,False,,
006660,삼성공조,False,,
119650,KC코트렐,False,,
002780,진흥기업,False,,
070960,모나용평,False,,
002450,삼익악기,False,,
011280,태림포장,False,,
417310,코람코더원리츠,False,,
008700,아남전자,False,,
264900,크라운제과,False,,
002200,한국수출포장,False,,
014440,영보화학,False,,
013700,까뮤이앤씨,False,,
067830,세이브존I&C,False,,
007210,벽산,False,,
032560,황금에스티,False,,
036580,팜스코,False,,
008260,NI스틸,False,,
014790,HL D&I,False,,
363280,티와이홀딩스,False,,
006840,AK홀딩스,False,,
001275,부국증권우,False,,
058850,KTcs,False,,
058860,KTis,False,,
096775,SK이노베이션우,False,,
019180,티에이치엔,False,,
012200,계양전기,False,,
001290,상상인증권,False,,
023000,삼원강재,False,,
33626K,두산퓨얼셀1우,False,,
025620,차AI헬스케어,False,,
006090,사조오양,False,,
007980,TP,False,,
004890,동일산업,False,,
004140,동방,False,,
139990,아주스틸,False,,
002600,조흥,False,,
000850,화천기공,False,,
109070,주성코퍼레이션,False,,
003580,HLB글로벌,False,,
111380,동인기연,False,,
007610,선도전기,False,,
023800,인지컨트롤스,False,,
000590,CS홀딩스,False,,
009180,한솔로지스틱스,False,,
011700,한신기계,False,,
069730,DSR제강,False,,
002220,한일철강,False,,
005740,크라운해태홀딩스,False,,
000105,유한양행우,False,,
007590,동방아그로,False,,
084680,이월드,False,,
001260,남광토건,False,,
163560,동일고무벨트,False,,
004840,DRB동일,False,,
013360,일성건설,False,,
010960,삼호개발,False,,
002795,아모레퍼시픽홀딩스우,False,,
005750,대림바스,False,,
024900,디와이덕양,False,,
013870,지엠비코리아,False,,
004770,써니전자,False,,
014160,대영포장,False,,
001020,페이퍼코리아,False,,
055490,테이팩스,False,,
338100,NH프라임리츠,False,,
063160,종근당바이오,False,,
095720,웅진씽크빅,False,,
120115,코오롱인더우,False,,
214330,금호에이치티,False,,
155660,DSR,False,,
071090,하이스틸,False,,
000230,일동홀딩스,False,,
000180,성창기업지주,False,,
084670,동양고속,False,,
002720,국제약품,False,,
031820,아이티센씨티에스,False,,
009770,삼정펄프,False,,
001560,제일연마,False,,
011150,CJ씨푸드,False,,
019680,대교,False,,
079980,휴비스,False,,
010660,화천기계,False,,
085310,엔케이,False,,
100220,비상교육,False,,
058730,다스코,False,,
014990,인디에프,False,,
004720,팜젠사이언스,False,,
004440,삼일씨엔에스,False,,
007280,한국특강,False,,
002700,신일전자,False,,
010040,한국내화,False,,
009200,무림페이퍼,False,,
210980,SK디앤디,False,,
016090,대현,False,,
018500,동원모빌리티,False,,
005870,휴니드,False,,
004450,삼화왕관,False,,
068290,삼성출판사,False,,
017370,우신시스템,False,,
072130,유엔젤,False,,
002760,보락,False,,
003925,남양유업우,False,,
0220WL,한화머시너리앤서비스홀딩스3우B,False,,
111110,호전실업,False,,
000220,유유제약,False,,
372910,한컴라이프케어,False,,
480370,씨케이솔루션,False,,
006890,태경케미컬,False,,
001465,BYC우,False,,
37550K,DL이앤씨우,False,,
075180,새론오토모티브,False,,
396690,미래에셋글로벌리츠,False,,
000725,현대건설우,False,,
007815,코리아써우,False,,
003780,진양산업,False,,
020760,일진디스플,False,,
129260,인터지스,False,,
090080,평화산업,False,,
025530,SJM홀딩스,False,,
001550,조비,False,,
003475,유안타증권우,False,,
002630,오리엔트바이오,False,,
378850,화승알앤에이,False,,
092440,기신정기,False,,
006980,우성,False,,
28513K,SK케미칼우,False,,
002410,범양건영,False,,
011390,부산산업,False,,
003465,유화증권우,False,,
35320K,대덕전자1우,False,,
123700,SJM,False,,
023810,인팩,False,,
006125,SK디스커버리우,False,,
011230,삼화전자,False,,
021050,서원,False,,
012690,모나리자,False,,
010770,평화홀딩스,False,,
004830,덕성,False,,
005305,롯데칠성우,False,,
006880,신송홀딩스,False,,
007460,에이프로젠,False,,
001620,케이비아이동국실업,False,,
000950,전방,False,,
009320,아진전자부품,False,,
011300,우성머티리얼스,False,,
101140,인바이오젠,False,,
011000,진원생명과학,False,,
004410,서울식품,False,,
002920,유성기업,False,,
002140,고려산업,False,,
004920,씨아이테크,False,,
007110,일신석재,False,,
092780,DYP,False,,
069460,대호에이엘,False,,
357250,미래에셋맵스리츠,False,,
041650,상신브레이크,False,,
000910,유니온,False,,
084870,TBH글로벌,False,,
005030,부산주공,False,,
004540,깨끗한나라,False,,
074610,이엔플러스,False,,
004910,조광페인트,False,,
003080,SB성보,False,,
005320,온타이드,False,,
009835,한화솔루션우,False,,
004060,SG세계물산,False,,
014910,성문전자,False,,
009190,대양금속,False,,
008420,문배철강,False,,
023350,한국종합기술,False,,
481850,신한글로벌액티브리츠,False,,
000215,DL우,False,,
026940,부국철강,False,,
017180,명문제약,False,,
019490,엑시큐어하이트론,False,,
446070,유니드비티플러스,False,,
011330,유니켐,False,,
017040,광명전기,False,,
047400,유니온머티리얼,False,,
008870,금비,False,,
011420,갤럭시아에스엠,False,,
009810,MDS스피어,False,,
002870,신풍,False,,
023960,에쓰씨엔지니어링,False,,
145270,케이탑리츠,False,,
134790,시디즈,False,,
027740,마니커,False,,
133820,화인베스틸,False,,
049800,우진플라임,False,,
000890,보해양조,False,,
012280,영화금속,False,,
009140,케이아이이,False,,
000760,이화산업,False,,
010640,진양폴리,False,,
051630,진양화학,False,,
013000,세우글로벌,False,,
004365,세방우,False,,
005820,원림,False,,
143210,핸즈코퍼레이션,False,,
008250,이건산업,False,,
012160,영흥,False,,
009460,한창제지,False,,
090370,메타랩스,False,,
002880,디와이에이,False,,
006370,대구백화점,False,,
010400,우진아이엔에스,False,,
001070,대한방직,False,,
003535,한화투자증권우,False,,
014130,한익스프레스,False,,
025750,한솔홈데코,False,,
024070,WISCOM,False,,
088790,진도,False,,
036420,콘텐트리중앙,False,,
308170,씨티알모빌리티,False,,
025890,한국주강,False,,
006570,대림통상,False,,
002360,SH에너지화학,False,,
069640,한세엠케이,False,,
002690,동일제강,False,,
006740,블루산업개발,False,,
003680,한성기업,False,,
118000,메타케어,False,,
007120,미래아이앤지,False,,
019175,신풍제약우,False,,
357430,마스턴프리미어리츠,False,,
033250,체시스,False,,
003060,에이프로젠바이오로직스,False,,
005110,한창,False,,
006345,대원전선우,False,,
004270,남성,False,,
071950,코아스,False,,
002355,넥센타이어1우B,False,,
001380,SG글로벌,False,,
023150,MH에탄올,False,,
33637K,솔루스첨단소재1우,False,,
003495,대한항공우,False,,
006490,프리티,False,,
030720,동원수산,False,,
009310,참엔지니어링,False,,
33626L,두산퓨얼셀2우B,False,,
001420,태원물산,False,,
005360,모나미,False,,
004870,티웨이홀딩스,False,,
012170,아센디오,False,,
008775,호텔신라우,False,,
000040,KR모터스,False,,
011090,에넥스,False,,
00499K,롯데지주우,False,,
015020,이스타코,False,,
001685,대상우,False,,
108675,LX하우시스우,False,,
465770,STX그린로지스,False,,
002070,비비안,False,,
093240,형지엘리트,False,,
006200,한국전자홀딩스,False,,
008600,윌비스,False,,
009440,KC그린홀딩스,False,,
002820,SUN&L,False,,
18064K,한진칼우,False,,
005257,녹십자홀딩스2우,False,,
005725,넥센우,False,,
002025,코오롱우,False,,
024890,대원화성,False,,
000087,하이트진로2우B,False,,
001795,대한제당우,False,,
45226K,한화갤러리아우,False,,
00806K,대덕1우,False,,
004105,태양금속우,False,,
015260,에이엔피,False,,
145995,삼양사우,False,,
084695,대상홀딩스우,False,,
00781K,코리아써키트2우B,False,,
38380K,LX홀딩스1우,False,,
001067,JW중외제약2우B,False,,
004255,NPC우,False,,
003075,코오롱글로벌우,False,,
019685,대교우B,False,,
145210,다이나믹디자인,False,,
001755,한양증권우,False,,
33637L,솔루스첨단소재2우B,False,,
000225,유유제약1우,False,,
001515,SK증권우,False,,
001065,JW중외제약우,False,,
000325,노루홀딩스우,False,,
004985,성신양회우,False,,
004835,덕성우,False,,
012205,계양전기우,False,,
26490K,크라운제과우,False,,
044380,주연테크,False,,
090355,노루페인트우,False,,
001770,SHD,False,,
002995,금호건설우,False,,
000545,흥국화재우,False,,
000145,하이트진로홀딩스우,False,,
009415,태영건설우,False,,
005965,동부건설우,False,,
014825,동원시스템즈우,False,,
007575,일양약품우,False,,
36328K,티와이홀딩스우,False,,
005745,크라운해태홀딩스우,False,,
014915,성문전자우,False,,
014285,금강공업우,False,,
000227,유유제약2우B,False,,
008355,남선알미우,False,,
001525,동양우,False,,
004545,깨끗한나라우,False,,
011155,CJ씨푸드1우,False,,
001527,동양2우B,False,,
004415,서울식품우,False,,
002785,진흥기업우B,False,,
002787,진흥기업2우B,False,,
196170,알테오젠,False,,
086520,에코프로,False,,
247540,에코프로비엠,False,,
036930,주성엔지니어링,False,,
277810,레인보우로보틱스,False,,
240810,원익IPS,False,,
039030,이오테크닉스,False,,
222800,심텍,False,,
058470,리노공업,False,,
403870,HPSP,False,,
095340,ISC,False,,
108490,로보티즈,False,,
319660,피에스케이,False,,
440110,파두,False,,
028300,HLB,False,,
000250,삼천당제약,False,,
084370,유진테크,False,,
031980,피에스케이홀딩스,False,,
087010,펩트론,False,,
214450,파마리서치,False,,
064760,티씨케이,False,,
131290,티에스이,False,,
095610,테스,False,,
067310,하나마이크론,False,,
141080,리가켐바이오,False,,
357780,솔브레인,False,,
298380,에이비엘바이오,False,,
010170,대한광통신,False,,
310210,보로노이,False,,
080220,제주반도체,False,,
257720,실리콘투,False,,
140410,메지온,False,,
005290,동진쎄미켐,False,,
145020,휴젤,False,,
226950,올릭스,False,,
319400,현대무벡스,False,,
032820,우리기술,False,,
058610,에스피지,False,,
030530,원익홀딩스,False,,
214370,케어젠,False,,
263750,펄어비스,False,,
178320,서진시스템,False,,
347850,디앤디파마텍,False,,
214150,클래시스,False,,
098460,고영,False,,
043260,성호전자,False,,
237690,에스티팜,False,,
041510,에스엠,False,,
083650,비에이치아이,False,,
140860,파크시스템스,False,,
089030,테크윙,False,,
131970,두산테스나,False,,
060370,LS마린솔루션,False,,
036540,SFA반도체,False,,
068760,셀트리온제약,False,,
437730,삼현,False,,
089970,브이엠,False,,
183300,코미코,False,,
096530,씨젠,False,,
007390,네이처셀,False,,
420770,기가비스,False,,
218410,RFHIC,False,,
323280,태성,False,,
0009K0,에임드바이오,False,,
204270,제이앤티씨,False,,
039200,오스코텍,False,,
241710,코스메카코리아,False,,
078600,대주전자재료,False,,
950160,코오롱티슈진,False,,
035900,JYP Ent.,False,,
290650,엘앤씨바이오,False,,
082920,비츠로셀,False,,
003380,하림지주,False,,
950260,인제니아테라퓨틱스(Reg.S),False,,
347700,스피어,False,,
127120,제이에스링크,False,,
232140,와이씨,False,,
166090,하나머티리얼즈,False,,
195940,HK이노엔,False,,
252990,샘씨엔에스,False,,
356860,티엘비,False,,
056190,SFA,False,,
086450,동국제약,False,,
293490,카카오게임즈,False,,
458870,씨어스,False,,
100790,미래에셋벤처투자,False,,
101490,에스앤에스텍,False,,
119850,지엔씨에너지,False,,
160190,하이젠알앤엠,False,,
083450,GST,False,,
417200,LS머트리얼즈,False,,
065350,신성델타테크,False,,
388210,씨엠티엑스,False,,
445680,큐리옥스바이오시스템즈,False,,
099320,쎄트렉아이,False,,
036830,솔브레인홀딩스,False,,
035760,CJ ENM,False,,
115180,큐리언트,False,,
327260,RF머트리얼즈,False,,
053800,안랩,False,,
032500,케이엠더블유,False,,
031330,에스에이엠티,False,,
014620,성광벤드,False,,
388720,유일로보틱스,False,,
122870,와이지엔터테인먼트,False,,
425420,티에프이,False,,
295310,에이치브이엠,False,,
074600,원익QnC,False,,
090360,로보스타,False,,
161580,필옵틱스,False,,
033100,제룡전기,False,,
491000,리브스메드,False,,
044490,태웅,False,,
032190,다우데이타,False,,
090710,휴림로봇,False,,
059090,미코,False,,
189300,인텔리안테크,False,,
085660,차바이오텍,False,,
041960,코미팜,False,,
328130,루닛,False,,
225570,넥슨게임즈,False,,
213420,덕산네오룩스,False,,
041830,인바디,False,,
476830,알지노믹스,False,,
038500,삼표시멘트,False,,
466100,클로봇,False,,
251970,펌텍코리아,False,,
064290,인텍플러스,False,,
281740,레이크머티리얼즈,False,,
171090,선익시스템,False,,
122640,예스티,False,,
124500,아이티센글로벌,False,,
476060,온코닉테라퓨틱스,False,,
053610,프로텍,False,,
023160,태광,False,,
006730,서부T&D,False,,
137400,피엔티,False,,
036810,에프에스티,False,,
048410,현대바이오,False,,
102710,이엔에프테크놀로지,False,,
093320,케이아이엔엑스,False,,
033640,네패스,False,,
121600,나노신소재,False,,
033790,피노,False,,
126340,비나텍,False,,
046890,서울반도체,False,,
253450,스튜디오드래곤,False,,
253590,네오셈,False,,
077360,덕산하이메탈,False,,
222080,SFA넥셀,False,,
050890,쏠리드,False,,
358570,지아이이노베이션,False,,
094170,동운아나텍,False,,
045100,한양이엔지,False,,
399720,가온칩스,False,,
092870,엑시콘,False,,
144960,뉴파워프라즈마,False,,
079940,가비아,False,,
490470,세미파이브,False,,
052020,에스티큐브,False,,
475830,오름테라퓨틱,False,,
052400,코나아이,False,,
060250,NHN KCP,False,,
456160,지투지바이오,False,,
468530,프로티나,False,,
080580,오킨스전자,False,,
356680,엑스게이트,False,,
112040,위메이드,False,,
219130,타이거일렉,False,,
101160,월덱스,False,,
009520,포스코엠텍,False,,
025980,아난티,False,,
214430,아이쓰리시스템,False,,
397030,에이프릴바이오,False,,
037460,삼지전자,False,,
211050,인카금융서비스,False,,
086900,메디톡스,False,,
376900,로킷헬스케어,False,,
027360,아주IB투자,False,,
082270,젬백스,False,,
041190,우리기술투자,False,,
098120,마이크로컨텍솔,False,,
089890,코세스,False,,
024850,HLB이노베이션,False,,
033500,동성화인텍,False,,
035890,서희건설,False,,
034950,한국기업평가,False,,
348340,뉴로메카,False,,
099190,아이센스,False,,
104830,원익머트리얼즈,False,,
0010S0,와이즈플래닛컴퍼니,False,,
015750,성우하이텍,False,,
460930,현대힘스,False,,
340570,티앤엘,False,,
056080,유진로봇,False,,
383310,에코프로에이치엔,False,,
069540,빛과전자,False,,
019210,와이지-원,False,,
290550,디케이티,False,,
013030,하이록코리아,False,,
348370,엔켐,False,,
125490,한라캐스트,False,,
365340,성일하이텍,False,,
042000,카페24,False,,
486990,노타,False,,
368770,파이버프로,False,,
336570,원텍,False,,
386380,스카이랩스,False,,
278280,천보,False,,
187660,페니트리움바이오,False,,
241770,메카로,False,,
078340,컴투스,False,,
078350,한양디지텍,False,,
272290,이녹스첨단소재,False,,
067160,SOOP,False,,
030520,한컴,False,,
114810,한솔아이원스,False,,
170920,엘티씨,False,,
204620,글로벌텍스프리,False,,
033160,엠케이전자,False,,
332570,PS일렉트로닉스,False,,
376300,디어유,False,,
079370,제우스,False,,
159010,아스플로,False,,
078130,국일제지,False,,
089010,켐트로닉스,False,,
417840,저스템,False,,
174900,앱클론,False,,
101730,위메이드맥스,False,,
018290,브이티,False,,
095660,네오위즈,False,,
236200,슈프리마,False,,
092730,네오팜,False,,
018000,유니슨,False,,
215200,메가스터디교육,False,,
475960,토모큐브,False,,
477850,마키나락스,False,,
439960,코스모로보틱스,False,,
441270,파인엠텍,False,,
092190,서울바이오시스,False,,
107640,한중엔시에스,False,,
006910,보성파워텍,False,,
078020,LS증권,False,,
200710,에이디테크놀로지,False,,
003800,에이스침대,False,,
200470,에이팩트,False,,
330860,네패스아크,False,,
393890,더블유씨피,False,,
052710,아모텍,False,,
078160,메디포스트,False,,
138080,오이솔루션,False,,
069080,웹젠,False,,
025320,시노펙스,False,,
348210,넥스틴,False,,
093520,매커스,False,,
046970,우리로,False,,
025900,동화기업,False,,
036800,나이스정보통신,False,,
110990,디아이티,False,,
036620,감성코퍼레이션,False,,
452430,사피엔반도체,False,,
039440,에스티아이,False,,
448900,한국피아이엠,False,,
064260,다날,False,,
456010,아이씨티케이,False,,
455900,엔젤로보틱스,False,,
389470,인벤티지랩,False,,
117730,티로보틱스,False,,
372320,큐로셀,False,,
121440,골프존홀딩스,False,,
168360,펨트론,False,,
060280,큐렉소,False,,
067630,HLB생명과학,False,,
017890,한국알콜,False,,
446540,메가터치,False,,
0161M0,네오사피엔스,False,,
234340,헥토파이낸셜,False,,
900290,GRT,False,,
488900,비츠로넥스텍,False,,
215600,신라젠,False,,
061970,LB세미콘,False,,
482630,삼양엔씨켐,False,,
199800,툴젠,False,,
206650,유바이오로직스,False,,
352480,씨앤씨인터내셔널,False,,
025770,한국정보통신,False,,
036200,유니셈,False,,
160980,싸이맥스,False,,
035810,이지홀딩스,False,,
101930,인화정공,False,,
265520,AP시스템,False,,
071200,인피니트헬스케어,False,,
012210,삼미금속,False,,
389500,에스비비테크,False,,
049070,인탑스,False,,
099440,스맥,False,,
203650,드림시큐리티,False,,
472850,폰드그룹,False,,
425040,티이엠씨,False,,
424870,이뮨온시아,False,,
091580,상신이디피,False,,
086390,유니테스트,False,,
136480,하림,False,,
042370,비츠로테크,False,,
092460,한라IMS,False,,
054950,제이브이엠,False,,
448280,에코아이,False,,
294570,쿠콘,False,,
024840,KBI메탈,False,,
228760,지노믹트리,False,,
484590,삼양컴텍,False,,
035600,KG이니시스,False,,
200670,휴메딕스,False,,
354320,알멕,False,,
084110,휴온스글로벌,False,,
309710,아이티켐,False,,
389650,넥스트바이오메디컬,False,,
216080,제테마,False,,
098070,한텍,False,,
068930,디지털대성,False,,
182400,엔케이젠바이오텍코리아,False,,
036890,진성티이씨,False,,
287840,인투셀,False,,
493280,아이엠바이오로직스,False,,
091700,파트론,False,,
484120,도우인시스,False,,
317330,덕산테코피아,False,,
043150,바텍,False,,
060720,KH바텍,False,,
394280,오픈엣지테크놀로지,False,,
452280,한선엔지니어링,False,,
051500,CJ프레시웨이,False,,
067390,아스트,False,,
151860,KG에코솔루션,False,,
121800,비덴트,False,,
267980,매일유업,False,,
065680,우주일렉트로,False,,
0011T0,채비,False,,
378340,필에너지,False,,
042520,한스바이오메드,False,,
377460,큐에이드,False,,
314130,지놈앤컴퍼니,False,,
439090,마녀공장,False,,
304360,에스바이오메딕스,False,,
094360,칩스앤미디어,False,,
023410,유진기업,False,,
461300,아이스크림미디어,False,,
377450,리파인,False,,
376270,HEM파마,False,,
089980,상아프론테크,False,,
011560,세보엠이씨,False,,
272110,케이엔제이,False,,
073490,LIG아큐버,False,,
047920,HLB제약,False,,
254490,미래반도체,False,,
036030,케이티알파,False,,
445090,에이직랜드,False,,
019010,베뉴지,False,,
036710,심텍홀딩스,False,,
108860,셀바스AI,False,,
043370,피에이치에이,False,,
180400,DXVX,False,,
064820,케이프,False,,
032580,피델릭스,False,,
100120,뷰웍스,False,,
065710,서호전기,False,,
085910,네오티스,False,,
389260,대명에너지,False,,
416180,신성에스티,False,,
064850,에프앤가이드,False,,
243070,휴온스,False,,
215000,골프존,False,,
462350,이노스페이스,False,,
045390,대아티아이,False,,
023760,한국캐피탈,False,,
144510,지씨셀,False,,
0008Z0,에스엔시스,False,,
190510,나무가,False,,
462860,더즌,False,,
481070,에이유브랜즈,False,,
200130,콜마비앤에이치,False,,
094480,갤럭시아머니트리,False,,
114190,강원에너지,False,,
125020,티씨머티리얼즈,False,,
475400,씨메스로보틱스,False,,
298830,슈어소프트테크,False,,
241520,DSC인베스트먼트,False,,
005710,대원산업,False,,
237880,클리오,False,,
0001A0,덕양에너젠,False,,
307180,아이엘,False,,
067080,대화제약,False,,
112290,와이씨켐,False,,
018310,삼목에스폼,False,,
365270,큐라클,False,,
290690,아리바이오홀딩스,False,,
064550,바이오니아,False,,
382900,범한퓨얼셀,False,,
243840,신흥에스이씨,False,,
049430,코메론,False,,
380540,옵티코어,False,,
417030,니어스랩,False,,
950170,JTC,False,,
206640,바디텍메드,False,,
199430,케이엔알시스템,False,,
353810,이지바이오,False,,
014940,오리엔탈정공,False,,
459510,나우로보틱스,False,,
036190,금화피에스시,False,,
099430,바이오플러스,False,,
058970,엠로,False,,
061090,세나테크놀로지,False,,
053300,한국정보인증,False,,
126730,코칩,False,,
095500,미래나노텍,False,,
314930,바이오다인,False,,
053030,바이넥스,False,,
083310,엘오티베큠,False,,
450950,아스테라시스,False,,
217730,강스템바이오텍,False,,
340450,지씨지놈,False,,
452450,피아이이,False,,
080720,한국유니온제약,False,,
388050,지투파워,False,,
123330,제닉,False,,
086670,비엠티,False,,
078150,HB테크놀러지,False,,
304100,솔트룩스,False,,
308430,셀비온,False,,
036560,KZ정밀,False,,
005160,동국산업,False,,
042420,네오위즈홀딩스,False,,
046120,오르비텍,False,,
013120,동원개발,False,,
126600,BGF에코머티리얼즈,False,,
115450,HLB테라퓨틱스,False,,
034810,해성산업,False,,
016790,현대사료,False,,
066620,국보디자인,False,,
051160,지어소프트,False,,
192440,슈피겐코리아,False,,
143240,사람인,False,,
024060,흥구석유,False,,
484810,티엑스알로보틱스,False,,
394800,쓰리빌리언,False,,
194700,노바렉스,False,,
084850,아이티엠반도체,False,,
230240,에치에프알,False,,
214180,헥토이노베이션,False,,
102940,코오롱생명과학,False,,
052330,코텍,False,,
293780,압타바이오,False,,
256840,한국비엔씨,False,,
464080,에스오에스랩,False,,
318060,그래피,False,,
176750,듀켐바이오,False,,
274090,켄코아에어로스페이스,False,,
094820,일진파워,False,,
083930,아바코,False,,
489460,바이오비쥬,False,,
067290,JW신약,False,,
419530,SAMG엔터,False,,
108380,대양전기공업,False,,
403850,더핑크퐁컴퍼니,False,,
405100,큐알티,False,,
194480,데브시스터즈,False,,
138610,나이벡,False,,
264850,이랜시스,False,,
270660,에브리봇,False,,
488280,에스투더블유,False,,
092130,이크레더블,False,,
068790,DMS,False,,
0015G0,그린광학,False,,
143160,아이디스,False,,
082800,비보존 제약,False,,
032940,원익,False,,
199820,제일일렉트릭,False,,
039830,오로라,False,,
122990,와이솔,False,,
038390,레드캡투어,False,,
245620,EDGC,False,,
382800,지앤비에스 에코,False,,
118990,모트렉스,False,,
357550,석경에이티,False,,
263860,지니언스,False,,
012860,모베이스전자,False,,
088800,에이스테크,False,,
054210,이랜텍,False,,
264450,유비쿼스,False,,
036170,에이치엠넥스,False,,
355150,코스텍시스,False,,
204610,티쓰리,False,,
475040,스트라드비젼,False,,
041920,메디아나,False,,
086820,바이오솔루션,False,,
149950,아바텍,False,,
187870,디바이스,False,,
260970,에스앤디,False,,
119830,아이텍,False,,
478340,나라스페이스테크놀로지,False,,
123410,코리아에프티,False,,
119610,인터로조,False,,
104480,티케이케미칼,False,,
289080,SV인베스트먼트,False,,
402030,코난테크놀로지,False,,
051370,인터플렉스,False,,
049630,재영솔루텍,False,,
388790,라이콤,False,,
950140,잉글우드랩,False,,
123860,아나패스,False,,
163730,핑거,False,,
234690,녹십자웰빙,False,,
032620,GC메디아이,False,,
066410,버킷스튜디오,False,,
039860,나노엔텍,False,,
0082N0,카나프테라퓨틱스,False,,
396300,HT로보틱스,False,,
372170,윤성에프앤씨,False,,
226590,엠디바이스,False,,
126700,하이비젼시스템,False,,
024800,유성티엔에스,False,,
023910,대한약품,False,,
080160,모두투어,False,,
072870,메가스터디,False,,
134580,탑코미디어,False,,
013990,아가방컴퍼니,False,,
093640,케이알엠,False,,
474650,링크솔루션,False,,
413630,씨피시스템,False,,
222040,코스맥스엔비티,False,,
445180,퓨릿,False,,
093190,빅솔론,False,,
011040,경동제약,False,,
418550,제이오,False,,
067280,멀티캠퍼스,False,,
041520,이엘씨,False,,
0007C0,아크릴,False,,
054450,텔레칩스,False,,
054800,아이디스홀딩스,False,,
432720,퀄리타스반도체,False,,
007330,푸른저축은행,False,,
092070,디엔에프,False,,
041020,폴라리스오피스,False,,
078070,유비쿼스홀딩스,False,,
205500,넥써쓰,False,,
046440,KG파이낸셜,False,,
065660,안트로젠,False,,
042600,새로닉스,False,,
179290,엠아이텍,False,,
138360,앤로보틱스,False,,
489500,엘케이켐,False,,
0015N0,아로마티카,False,,
0039P0,매드업,False,,
023600,삼보판지,False,,
387690,레메디,False,,
086890,이수앱지스,False,,
005990,매일홀딩스,False,,
148150,세경하이테크,False,,
047770,코데즈컴바인,False,,
069510,에스텍,False,,
147830,제룡산업,False,,
115310,인포바인,False,,
101970,우양에이치씨,False,,
300080,플리토,False,,
212560,네오오토,False,,
049960,쎌바이오텍,False,,
089600,KT나스미디어,False,,
469610,이노테크,False,,
220100,퓨쳐켐,False,,
114840,아이패밀리에스씨,False,,
035610,솔본,False,,
084990,헬릭스미스,False,,
251370,와이엠티,False,,
451760,컨텍,False,,
101360,에코앤드림,False,,
102120,어보브반도체,False,,
211270,AP위성,False,,
322310,오로스테크놀로지,False,,
0088M0,메쥬,False,,
146320,비씨엔씨,False,,
003100,선광,False,,
126640,화신정공,False,,
059120,아진엑스텍,False,,
140670,알에스오토메이션,False,,
158430,아톤,False,,
054920,한컴위드,False,,
073010,케이에스피,False,,
232680,라온로보틱스,False,,
321550,티움바이오,False,,
265740,엔에프씨,False,,
035080,그래디언트,False,,
417010,나노팀,False,,
156100,엘앤케이바이오,False,,
136540,윈스테크넷,False,,
228850,레이언스,False,,
264660,씨앤지하이테크,False,,
038290,마크로젠,False,,
255220,SG,False,,
115440,우리넷,False,,
001540,안국약품,False,,
053260,금강철강,False,,
048870,시너지이노베이션,False,,
417500,제이아이테크,False,,
049720,고려신용정보,False,,
285490,노바텍,False,,
361390,제노코,False,,
338840,와이바이오로직스,False,,
037070,파세코,False,,
080420,모다이노칩,False,,
457550,우진엔텍,False,,
142210,유니트론텍,False,,
321370,센서뷰,False,,
418420,라온텍,False,,
105330,케이엔더블유,False,,
331920,셀레믹스,False,,
060150,인선이엔티,False,,
240550,동방메디컬,False,,
039840,디오,False,,
282880,코윈로보틱스,False,,
220260,켐트로스,False,,
079960,동양이엔피,False,,
036690,코맥스,False,,
950190,고스트스튜디오,False,,
290740,액트로,False,,
267320,나인테크,False,,
408920,메쎄이상,False,,
079650,서산,False,,
027710,팜스토리,False,,
494120,큐리오시스,False,,
095700,제넥신,False,,
021320,KCC건설,False,,
474170,루미르,False,,
094840,슈프리마에이치큐,False,,
322510,제이엘케이,False,,
172670,에이엘티,False,,
297090,씨에스베어링,False,,
056090,시지메드텍,False,,
071280,로체시스템즈,False,,
256940,킵스파마,False,,
042510,라온시큐어,False,,
307750,국전,False,,
052860,아이앤씨,False,,
201490,미투온,False,,
293580,나우IB,False,,
115500,케이씨에스,False,,
402490,그린리소스,False,,
153890,져스텍,False,,
443670,에스피소프트,False,,
108230,톱텍,False,,
052260,현대바이오랜드,False,,
008830,대동기어,False,,
095190,신화프리텍,False,,
041440,현대에버다임,False,,
009780,엠에스씨,False,,
017510,세명전기,False,,
308080,바이젠셀,False,,
336680,탑런토탈솔루션,False,,
037350,성도이엔지,False,,
290720,푸드나무,False,,
101170,우림피티에스,False,,
041590,플래스크,False,,
122450,KX,False,,
049520,유아이엘,False,,
051980,중앙첨단소재,False,,
047310,파워로직스,False,,
333430,일승,False,,
072950,빛샘전자,False,,
141000,비아트론,False,,
458650,성우,False,,
091440,한울소재과학,False,,
351320,넥사다이내믹스,False,,
0011A0,액스비스,False,,
054050,NH농우바이오,False,,
950250,테라뷰,False,,
297890,HB솔루션,False,,
474610,RF시스템즈,False,,
166480,코아스템켐온,False,,
452190,한빛레이저,False,,
053080,케이엔솔,False,,
389020,자람테크놀로지,False,,
051360,토비스,False,,
0007J0,인벤테라,False,,
086980,쇼박스,False,,
475230,엔알비,False,,
090850,현대이지웰,False,,
419050,삼기에너지솔루션즈,False,,
018120,진로발효,False,,
473980,노머스,False,,
259630,엠플러스,False,,
067990,도이치모터스,False,,
246710,티앤알바이오팹,False,,
396470,워트,False,,
036630,세종텔레콤,False,,
063570,NICE인프라,False,,
217270,넵튠,False,,
339950,아이비김영,False,,
039560,다산네트웍스,False,,
209640,와이제이링크,False,,
394420,리센스메디컬,False,,
217820,원익피앤이,False,,
289930,웨이비스,False,,
039340,한국경제TV,False,,
299030,하나기술,False,,
366030,나인앤컴퍼니,False,,
334970,프레스티지바이오로직스,False,,
311320,지오엘리먼트,False,,
067900,와이엔텍,False,,
073560,우리손에프앤지,False,,
120240,대정화금,False,,
189330,씨이랩,False,,
038540,상상인,False,,
106190,하이텍팜,False,,
175250,아이큐어,False,,
357880,SKAI,False,,
242040,나무AX,False,,
109740,디에스케이,False,,
040300,YTN,False,,
130580,나이스디앤비,False,,
131030,옵투스제약,False,,
123040,엠에스오토텍,False,,
053700,삼보모터스,False,,
048550,SM C&C,False,,
182360,큐브엔터,False,,
261780,아리바이오랩,False,,
475580,에이럭스,False,,
083500,에프엔에스테크,False,,
307930,컴퍼니케이,False,,
125210,아모그린텍,False,,
063170,서울옥션,False,,
053350,이니텍,False,,
309960,LB인베스트먼트,False,,
100700,세운메디칼,False,,
006620,동구바이오제약,False,,
310200,애니플러스,False,,
021080,에이티넘인베스트,False,,
198440,강동씨앤엘,False,,
453450,그리드위즈,False,,
246720,아스타,False,,
217190,제너셈,False,,
036010,아비코전자,False,,
099750,이지케어텍,False,,
059210,메타바이오메드,False,,
129920,대성하이텍,False,,
173130,오파스넷,False,,
323990,박셀바이오,False,,
352090,스톰테크,False,,
250060,모비스,False,,
317770,엑스페릭스,False,,
255440,야스,False,,
066790,씨씨에스,False,,
411080,샌즈랩,False,,
298540,더네이쳐홀딩스,False,,
088130,동아엘텍,False,,
068240,다원시스,False,,
306620,지아이에스,False,,
235980,메드팩토,False,,
052420,오성첨단소재,False,,
074430,아미노로직스,False,,
307870,비투엔,False,,
017650,대림제지,False,,
330350,위더스제약,False,,
380550,뉴로핏,False,,
187790,나노,False,,
192410,오늘이엔엠,False,,
049950,미래컴퍼니,False,,
205100,엑셈,False,,
037030,파워넷,False,,
005860,한일사료,False,,
042500,링네트,False,,
062970,한국첨단소재,False,,
246960,SCL사이언스,False,,
109610,에스와이,False,,
002230,피에스텍,False,,
045970,코아시아,False,,
439580,블루엠텍,False,,
040420,정상제이엘에스,False,,
036220,오상헬스케어,False,,
457370,한켐,False,,
014950,삼익제약,False,,
348350,위드텍,False,,
493330,지에프아이,False,,
162300,신스틸,False,,
093920,서원인텍,False,,
023900,풍국주정,False,,
053580,웹케시,False,,
303810,동국생명과학,False,,
009300,삼아제약,False,,
048910,대원미디어,False,,
066590,스모트로닉,False,,
282720,금양그린파워,False,,
432470,케이엔에스,False,,
013310,아진산업,False,,
362320,청담글로벌,False,,
900260,로스웰,False,,
047560,이스트소프트,False,,
052460,아이크래프트,False,,
086960,MDS테크,False,,
048530,인트론바이오,False,,
357230,에이치피오,False,,
322180,LS티라유텍,False,,
096240,크레버스,False,,
052900,KX하이텍,False,,
065450,빅텍,False,,
100590,머큐리,False,,
004650,창해에탄올,False,,
330730,스톤브릿지벤처스,False,,
033290,로젠,False,,
054540,삼영엠텍,False,,
072020,중앙백신,False,,
234300,에스트래픽,False,,
089230,THE E&M,False,,
185490,아이진,False,,
049180,셀루메드,False,,
183490,엔지켐생명과학,False,,
263720,디앤씨미디어,False,,
044990,에이치엔에스하이텍,False,,
357580,아모센스,False,,
025950,동신건설,False,,
086710,선진뷰티사이언스,False,,
091120,이엠텍,False,,
029480,광무,False,,
066430,아이로보틱스,False,,
215100,로보로보,False,,
226400,오스테오닉,False,,
100130,동국S&C,False,,
049080,기가레인,False,,
037760,쎄니트,False,,
036640,HRS,False,,
038110,에코플라스틱,False,,
478560,블랙야크아이앤씨,False,,
078140,대봉엘에스,False,,
078890,가온그룹,False,,
033560,블루콤,False,,
058820,CMG제약,False,,
007820,엠엑스로보틱스,False,,
140070,서플러스글로벌,False,,
412540,제일엠앤에스,False,,
105740,디케이락,False,,
223250,드림씨아이에스,False,,
418470,KT밀리의서재,False,,
149980,하이로닉,False,,
137950,제이씨케미칼,False,,
101330,모베이스,False,,
365330,에스와이스틸텍,False,,
234030,싸이닉솔루션,False,,
294630,서남,False,,
323350,다원넥스뷰,False,,
251120,바이오에프디엔씨,False,,
381620,제닉스로보틱스,False,,
032540,TJ미디어,False,,
412350,레이저쎌,False,,
302550,리메드,False,,
047820,초록뱀미디어,False,,
067000,조이시티,False,,
032300,한국파마,False,,
066700,테라젠이텍스,False,,
066980,한성크린텍,False,,
389140,포바이포,False,,
0117P0,피스피스스튜디오,False,,
063080,컴투스홀딩스,False,,
030960,양지사,False,,
0015S0,페스카로,False,,
004590,한국가구,False,,
338220,뷰노,False,,
054670,대한뉴팜,False,,
950130,엑세스바이오,False,,
000440,중앙에너비스,False,,
299660,셀리드,False,,
040160,누리플렉스,False,,
102370,케이옥션,False,,
019550,SBI인베스트먼트,False,,
131370,알서포트,False,,
475430,키스트론,False,,
041930,SY동아,False,,
253840,수젠텍,False,,
079810,APS이노베이션,False,,
389030,지니너스,False,,
147760,피엠티,False,,
487400,케이앤에스아이앤씨,False,,
073640,테라사이언스,False,,
085670,뉴프렉스,False,,
088390,이녹스,False,,
124560,태웅로직스,False,,
0017J0,세미티에스,False,,
058400,KNN,False,,
066310,큐에스아이,False,,
142280,녹십자엠에스,False,,
331380,포커스에이아이,False,,
024880,케이피에프,False,,
225530,HC보광산업,False,,
382840,원준,False,,
012700,리드코프,False,,
168330,내츄럴엔도텍,False,,
040910,아이씨디,False,,
396270,넥스트칩,False,,
011320,유니크,False,,
282620,기도산업,False,,
083790,CG인바이츠,False,,
040350,크레오에스지,False,,
011370,서한,False,,
080010,이상네트웍스,False,,
090470,제이스로보틱스,False,,
263800,데이타솔루션,False,,
017480,삼현철강,False,,
360070,탑머티리얼,False,,
208140,정다운,False,,
039010,현대에이치티,False,,
451250,삐아,False,,
377480,마음AI,False,,
094860,네오리진,False,,
320000,한울반도체,False,,
020710,시공테크,False,,
012790,신일제약,False,,
107600,새빗켐,False,,
058630,엠게임,False,,
170030,현대공업,False,,
487580,폴레드,False,,
084730,팅크웨어,False,,
060590,씨티씨바이오,False,,
347890,엠엑스온,False,,
060570,드림어스컴퍼니,False,,
024740,한일단조,False,,
371950,풍원정밀,False,,
117670,알파칩스,False,,
065510,휴비츠,False,,
234920,자이글,False,,
483350,딜리셔스,False,,
171120,라이온켐텍,False,,
039980,폴라리스AI,False,,
041910,폴라리스AI파마,False,,
038680,에스넷,False,,
388870,파로스아이바이오,False,,
104460,디와이피엔에프,False,,
054040,한국컴퓨터,False,,
045660,에이텍,False,,
417790,트루엔,False,,
038460,바이오스마트,False,,
048430,유라테크,False,,
053280,예스24,False,,
0155E0,해치텍,False,,
302430,이노메트리,False,,
110790,크리스에프앤씨,False,,
217330,싸이토젠,False,,
049470,비트플래닛,False,,
337930,젝시믹스,False,,
347000,센코,False,,
096350,대창솔루션,False,,
128660,피제이메탈,False,,
091590,남화토건,False,,
024830,세원물산,False,,
460940,피앤에스로보틱스,False,,
265560,영화테크,False,,
303360,프로티아,False,,
332370,아이디피,False,,
228340,동양파일,False,,
136150,원일티엔아이,False,,
067370,선바이오,False,,
0004V0,엔비알모션,False,,
054620,APS,False,,
104040,디에스엠,False,,
413390,엠오티,False,,
277880,티에스아이,False,,
061040,알에프텍,False,,
212710,아이에스티이,False,,
076610,해성옵틱스,False,,
026150,특수건설,False,,
294140,레몬,False,,
214260,라파스,False,,
262260,에이프로,False,,
228670,레이,False,,
067570,엔브이에이치코리아,False,,
123010,MSDI,False,,
019540,일지테크,False,,
043610,KT지니뮤직,False,,
049550,잉크테크,False,,
067170,오텍,False,,
123420,위메이드플레이,False,,
002800,신신제약,False,,
153710,옵티팜,False,,
137080,나래나노텍,False,,
204840,지엘팜텍,False,,
032850,비트컴퓨터,False,,
065170,비엘팜텍,False,,
109860,동일금속,False,,
010280,아이티센엔텍,False,,
318160,셀바이오휴먼텍,False,,
004780,대륙제관,False,,
097800,윈팩,False,,
092040,아미코젠,False,,
048770,TPC로보틱스,False,,
417970,모델솔루션,False,,
451220,아이엠티,False,,
006140,피제이전자,False,,
111710,남화산업,False,,
0218L0,네오뷰,False,,
100030,인지소프트,False,,
456070,이엔셀,False,,
0156T0,에이치엘지노믹스,False,,
222110,팬젠,False,,
014970,삼륭물산,False,,
008370,원풍,False,,
033130,디지틀조선,False,,
950220,네오이뮨텍,False,,
067920,이글루,False,,
043650,국순당,False,,
096250,와이즈넛,False,,
041460,한국전자인증,False,,
205470,휴마시스,False,,
214680,디알텍,False,,
241790,티이엠씨씨엔에스,False,,
382480,지아이텍,False,,
393210,토마토시스템,False,,
424960,스마트레이더시스템,False,,
081150,티플랙스,False,,
122350,삼기,False,,
001840,이화공영,False,,
056360,코위버,False,,
064240,홈캐스트,False,,
294090,이오플로우,False,,
036000,예림당,False,,
082210,옵트론텍,False,,
155650,와이엠씨,False,,
460870,에스엠씨지,False,,
089790,제이티,False,,
291230,컴투스엔,False,,
214270,FSN,False,,
005670,푸드웰,False,,
054300,팬스타엔터프라이즈,False,,
066670,디티씨,False,,
039610,화성밸브,False,,
094850,참좋은여행,False,,
010240,흥국,False,,
095270,웨이브일렉트로,False,,
241690,유니테크노,False,,
039420,케이엘넷,False,,
203400,에이비온,False,,
352910,오비고,False,,
290660,다이나믹솔루션,False,,
089850,유비벨록스,False,,
347860,알체라,False,,
463020,뉴엔AI,False,,
208370,셀바스헬스케어,False,,
900300,오가닉티코스메틱,False,,
216050,인크로스,False,,
950200,소마젠,False,,
331740,아우토크립트,False,,
016250,SGC E&C,False,,
010470,오리콤,False,,
457600,벡트,False,,
036090,위지트,False,,
221800,지구홀딩스,False,,
049480,오픈베이스,False,,
065530,와이어블,False,,
014470,부방,False,,
126880,제이엔케이글로벌,False,,
037440,희림,False,,
050960,수산아이앤티,False,,
045340,토탈소프트,False,,
365660,레몬헬스케어,False,,
033320,제이씨현시스템,False,,
187420,HLB제넥스,False,,
053620,태양,False,,
191420,테고사이언스,False,,
033310,엠투엔,False,,
099520,DGI,False,,
127710,아시아경제,False,,
273640,와이엠텍,False,,
225190,LK삼양,False,,
109670,씨싸이트,False,,
003310,대주산업,False,,
039020,이건홀딩스,False,,
175140,아고스,False,,
060310,3S,False,,
238090,앤디포스,False,,
251630,브이원텍,False,,
036120,서울평가정보,False,,
059270,해성에어로보틱스,False,,
263690,디알젬,False,,
315640,딥노이드,False,,
448710,코츠테크놀로지,False,,
299170,더블유에스아이,False,,
025550,한국선재,False,,
291650,츌립앤사이언스,False,,
192250,케이사인,False,,
215360,우리산업,False,,
053160,프리엠스,False,,
053050,지에스이,False,,
007370,진양제약,False,,
288180,케이피항공산업,False,,
317530,에피소드컴퍼니,False,,
340930,성원에너텍,False,,
333620,엔시스,False,,
088280,쏘닉스,False,,
217480,에스디생명공학,False,,
036670,삼양케이씨아이,False,,
054930,유신,False,,
443250,레뷰코퍼레이션,False,,
109080,옵티시스,False,,
420570,제이투케이바이오,False,,
040610,SG&G,False,,
104540,코렌텍,False,,
435570,에르코스,False,,
263600,덕우전자,False,,
340810,시선AI,False,,
024910,경창산업,False,,
061250,화일약품,False,,
459100,위츠,False,,
024950,삼천리자전거,False,,
064800,포니링크,False,,
170790,파이오링크,False,,
391710,코닉오토메이션,False,,
348080,큐라티스,False,,
261520,이지스,False,,
081180,쎄크,False,,
053270,구영테크,False,,
043710,코스리거글로벌,False,,
104620,노랑풍선,False,,
408470,한패스,False,,
317850,대모,False,,
246690,TS인베스트먼트,False,,
348150,고바이오랩,False,,
094940,푸른로보틱스,False,,
179530,애드바이오텍,False,,
370090,퓨런티어,False,,
314140,알피바이오,False,,
027050,코리아나,False,,
070300,퀀텀레일,False,,
419080,엔젯,False,,
015710,코콤,False,,
347740,피엔케이피부임상연구센타,False,,
088910,동우팜투테이블,False,,
464490,쿼드메디슨,False,,
452400,이닉스,False,,
105760,포스뱅크,False,,
039240,경남스틸,False,,
459550,알트,False,,
019990,에너토크,False,,
453860,에이에스텍,False,,
033230,인성정보,False,,
424980,마이크로투나노,False,,
393970,대진첨단소재,False,,
256630,포인트엔지니어링,False,,
376290,씨유테크,False,,
046210,HLB파나진,False,,
179900,유티아이,False,,
163280,에어레인,False,,
317830,에스피시스템스,False,,
060560,HC홈센타,False,,
063440,SM Life Design,False,,
071670,에이테크솔루션,False,,
059100,아이컴포넌트,False,,
340360,다보링크,False,,
046940,우원개발,False,,
463480,모티브링크,False,,
044340,위닉스,False,,
092300,현우산업,False,,
311690,CJ 바이오사이언스,False,,
122310,제노레이,False,,
232830,아이티센피엔에스,False,,
0013V0,삼진식품,False,,
199550,레이저옵텍,False,,
355690,에이텀,False,,
042110,에스씨디,False,,
189860,서전기전,False,,
219550,디와이디,False,,
361570,알비더블유,False,,
038010,제일테크노스,False,,
418250,시큐레터,False,,
217500,러셀,False,,
178780,일월지엠엘,False,,
033170,시그네틱스,False,,
321260,프로이천,False,,
189980,흥국에프엔비,False,,
382150,온코크로스,False,,
440290,HB인베스트먼트,False,,
023440,제이스코홀딩스,False,,
270520,앱튼,False,,
145170,노브랜드,False,,
150900,파수AI,False,,
277070,린드먼아시아,False,,
014190,원익큐브,False,,
053450,세코닉스,False,,
384470,코어라인소프트,False,,
229000,젠큐릭스,False,,
073110,엘엠에스,False,,
051390,YW,False,,
131400,이브이첨단소재,False,,
321820,아티스트컴퍼니,False,,
198080,캐프,False,,
471820,셀로맥스사이언스,False,,
072470,우리산업홀딩스,False,,
083550,케이엠,False,,
053980,오상자이엘,False,,
072990,에이치시티,False,,
143540,영우디에스피,False,,
094970,제이엠티,False,,
050120,ES큐브,False,,
033340,좋은사람들,False,,
476040,오가노이드사이언스,False,,
260930,씨티케이,False,,
042040,케이피엠테크,False,,
037950,엘컴텍,False,,
208860,다산디엠씨,False,,
068330,일신바이오,False,,
066130,하츠,False,,
288330,파라택시스코리아,False,,
317690,퀀타매트릭스,False,,
065130,탑엔지니어링,False,,
222420,쎄노텍,False,,
900340,윙입푸드,False,,
114450,그린생명과학,False,,
0010V0,제이피아이헬스케어,False,,
466410,사이냅소프트,False,,
082850,우리바이오,False,,
052790,액토즈소프트,False,,
258610,케일럼,False,,
278650,HLB바이오스텝,False,,
099410,동방선기,False,,
900250,크리스탈신소재,False,,
413640,비아이매트릭스,False,,
022220,티케이지애강,False,,
084650,랩지노믹스,False,,
224110,에이텍모빌리티,False,,
317870,엔바이오니아,False,,
373160,데이원컴퍼니,False,,
479960,위너스일렉,False,,
286750,나노실리칸첨단소재,False,,
263020,디케이앤디,False,,
007680,대원,False,,
307280,원바이오젠,False,,
140520,대창스틸,False,,
129890,앱코,False,,
238120,얼라인드,False,,
263700,케어랩스,False,,
373200,엑스플러스,False,,
027830,대성창투,False,,
227950,엔투텍,False,,
290670,대보마그네틱,False,,
032960,동일기연,False,,
159580,제로투세븐,False,,
256150,한독크린텍,False,,
452200,민테크,False,,
056700,신화인터텍,False,,
190650,코리아에셋투자증권,False,,
261200,덴티스,False,,
086060,진바이오텍,False,,
189690,포시에스,False,,
199480,뱅크웨어글로벌,False,,
196300,HLB펩,False,,
066900,디에이피,False,,
263810,상신전자,False,,
002290,삼일기업공사,False,,
136410,아셈스,False,,
450330,하스,False,,
037230,한국팩키지,False,,
465480,인스피언,False,,
007530,와이엠,False,,
184230,SGA솔루션즈,False,,
064090,인크레더블버즈,False,,
049830,승일,False,,
065440,이루온,False,,
461030,아이엠비디엑스,False,,
460470,아이빔테크놀로지,False,,
218150,미래생명자원,False,,
203450,유니온바이오메트릭스,False,,
100660,서암기계공업,False,,
234100,폴라리스세원,False,,
221840,하이즈항공,False,,
044960,이글벳,False,,
053950,경남제약,False,,
221980,케이디켐,False,,
025880,케이씨피드,False,,
263770,유에스티,False,,
226340,본느,False,,
360350,코셈,False,,
215380,콜마바이오텍,False,,
046310,백금T&A,False,,
042940,상지건설,False,,
250000,보라티알,False,,
273060,와이즈버즈,False,,
050860,아세아텍,False,,
352700,씨앤투스,False,,
052220,iMBC,False,,
037370,EG,False,,
101240,씨큐브,False,,
019770,서연탑메탈,False,,
122690,서진오토모티브,False,,
026040,제이에스티나,False,,
081580,성우전자,False,,
038070,서린바이오,False,,
219420,링크제니시스,False,,
097870,효성오앤비,False,,
208710,포톤,False,,
171010,램테크놀러지,False,,
035460,기산텔레콤,False,,
046390,삼화네트웍스,False,,
043910,자연과환경,False,,
051490,나라엠앤디,False,,
123570,이엠넷,False,,
065500,오리엔트정공,False,,
121890,에스디시스템,False,,
060540,에스에이티,False,,
153460,네이블,False,,
284620,카이노스메드,False,,
066360,체리부로,False,,
318410,비비씨,False,,
060850,영림원소프트랩,False,,
057540,옴니시스템,False,,
086040,바이오톡스텍,False,,
363250,진시스템,False,,
068940,셀피글로벌,False,,
387570,파인메딕스,False,,
239890,피엔에이치테크,False,,
045060,오공,False,,
263050,유틸렉스,False,,
196450,코아시아씨엠,False,,
014570,고려제약,False,,
397810,애드포러스,False,,
024120,KB오토시스,False,,
260660,알리코제약,False,,
039290,인포뱅크,False,,
075130,플랜티넷,False,,
186230,그린플러스,False,,
177900,쓰리에이로직스,False,,
258790,소프트캠프,False,,
045510,정원엔시스,False,,
452300,캡스톤파트너스,False,,
332290,누보,False,,
204020,그리티,False,,
106240,파인테크닉스,False,,
434480,모니터랩,False,,
900270,헝셩그룹,False,,
469750,아이비젼웍스,False,,
406820,뷰티스킨,False,,
057030,YBM넷,False,,
290090,트윔,False,,
432430,와이랩,False,,
290120,DH오토리드,False,,
446840,지슨,False,,
215090,솔디펜스,False,,
052600,한네트,False,,
016600,큐캐피탈,False,,
220180,폴라리스AI핸디,False,,
207760,미스터블루,False,,
038060,루멘스바이오스,False,,
310870,디와이씨,False,,
131090,시큐브,False,,
006920,모헨즈,False,,
417860,오브젠,False,,
080520,오디텍,False,,
335810,프리시젼바이오,False,,
270870,뉴트리,False,,
064520,테크엘,False,,
431190,케이쓰리아이,False,,
068050,팬엔터테인먼트,False,,
065950,웰크론,False,,
153490,우리이앤엘하루틴,False,,
087600,픽셀플러스,False,,
109820,진매트릭스,False,,
296640,이노에이엑스,False,,
408900,스튜디오미르,False,,
021650,한국큐빅,False,,
430690,한싹,False,,
089140,넥스턴앤롤코리아,False,,
476080,M83,False,,
200780,비씨월드제약,False,,
031510,오스템,False,,
133750,메가엠디,False,,
104200,NHN벅스,False,,
025440,DH오토웨어,False,,
318020,포인트모바일,False,,
271830,팸텍,False,,
043340,에쎈테크,False,,
099220,SDN,False,,
033830,티비씨,False,,
159910,에코글로우,False,,
072770,멤레이비티,False,,
050110,캠시스,False,,
090410,덕신이피씨,False,,
064480,브리지텍,False,,
054780,키이스트,False,,
032790,엠젠솔루션,False,,
226330,신테카바이오,False,,
148930,에이치와이티씨,False,,
258830,세종메디칼,False,,
368970,오에스피,False,,
197140,디지캡,False,,
099390,브레인즈컴퍼니,False,,
012620,원일특강,False,,
127980,화인써키트,False,,
263920,휴엠앤씨,False,,
038950,파인디지털,False,,
037330,인지디스플레,False,,
369370,블리츠웨이엔터테인먼트,False,,
419120,산돌,False,,
173940,에프엔씨엔터,False,,
093380,풍강,False,,
376980,원티드랩,False,,
188260,세니젠,False,,
020180,대신정보통신,False,,
300120,라온피플,False,,
462310,뉴키즈온,False,,
356890,싸이버원,False,,
097780,에코볼트,False,,
246250,에스엘에스바이오,False,,
444530,심플랫폼,False,,
038620,위즈코프,False,,
464280,티디에스팜,False,,
388610,지에프씨생명과학,False,,
075970,동국알앤에스,False,,
169330,엠브레인,False,,
049120,파인디앤씨,False,,
073540,에프알텍,False,,
311390,네오크레마,False,,
317240,TS트릴리온,False,,
290560,파라택시스이더리움,False,,
071850,캐스텍코리아,False,,
462980,아이지넷,False,,
079170,한창산업,False,,
237820,플레이디,False,,
070590,인티큐브,False,,
078590,휴림에이텍,False,,
377030,비트맥스,False,,
038870,에코심플렉스,False,,
088340,유라클,False,,
336060,웨이버스,False,,
091340,S&K폴리텍,False,,
160550,NEW,False,,
033540,파라텍,False,,
351330,이삭엔지니어링,False,,
236810,엔비티,False,,
452160,제이엔비,False,,
288620,에스프리즘,False,,
031310,아이즈비전,False,,
239610,에이치엘사이언스,False,,
045300,성우테크론,False,,
262840,아이퀘스트,False,,
187270,신화콘텍,False,,
128540,에코캡,False,,
069920,엑시온그룹,False,,
008470,부스타,False,,
057680,티사이언티픽,False,,
333050,이노테나,False,,
0010F0,보원케미칼,False,,
297570,아틀라스링크,False,,
139670,키네마스터,False,,
043220,티에스넥스젠,False,,
450520,인스웨이브,False,,
007770,한일화학,False,,
119500,포메탈,False,,
109960,앱토크롬,False,,
068100,케이웨더,False,,
254120,자비스,False,,
193250,링크드,False,,
089150,케이씨티,False,,
364950,에이아이코리아,False,,
080530,코디,False,,
096630,에스코넥,False,,
407400,꿈비,False,,
225220,제놀루션,False,,
464580,닷밀,False,,
318010,팜스빌,False,,
367000,플래티어,False,,
048470,대동스틸,False,,
191410,육일씨엔에쓰,False,,
013720,청보,False,,
215790,이노인스트루먼트,False,,
091970,LSK아이로봇,False,,
066910,손오공,False,,
195500,마니커에프앤지,False,,
016920,카스,False,,
067010,이씨에스,False,,
114630,폴라리스우노,False,,
101670,하이드로리튬,False,,
373170,엠아이큐브솔루션,False,,
348030,모비릭스,False,,
115480,씨유메디칼,False,,
123840,뉴온,False,,
148250,알엔투테크놀로지,False,,
079000,와토스코리아,False,,
140430,카티스,False,,
017000,신원종합개발,False,,
130500,GH신소재,False,,
322780,코퍼스코리아,False,,
900310,컬러레이,False,,
083660,CSA 코스믹,False,,
290270,휴네시온,False,,
198940,한주라이트메탈,False,,
032750,삼진,False,,
359090,씨엔알리서치,False,,
096690,에이루트,False,,
131220,대한과학,False,,
900070,글로벌에스엠,False,,
138070,신진에스엠,False,,
027040,서울전자통신,False,,
363260,모비데이즈,False,,
376180,피코그램,False,,
043200,파루,False,,
047080,한빛소프트,False,,
019570,GMI벤처,False,,
069410,엔텔스,False,,
053290,NE능률,False,,
073570,리튬포어스,False,,
105550,엣지파운드리,False,,
103840,우양,False,,
134060,이퓨쳐,False,,
001810,무림SP,False,,
458350,에스팀,False,,
016670,디모아,False,,
238490,힘스,False,,
069140,누리플랜,False,,
033050,제이엠아이,False,,
076080,웰크론한텍,False,,
328380,솔트웨어,False,,
200350,아티스트스튜디오,False,,
052300,오션인더블유,False,,
044780,에이치케이,False,,
101400,엔시트론,False,,
146060,율촌,False,,
054090,삼진엘앤디,False,,
351870,차이커뮤니케이션,False,,
389680,유디엠텍,False,,
101680,한국정밀기계,False,,
060380,동양에스텍,False,,
290520,신도기연,False,,
123750,알톤,False,,
355390,크라우드웍스,False,,
021880,메이슨캐피탈,False,,
090150,아이윈,False,,
083640,인콘,False,,
368600,아이씨에이치,False,,
206400,베노티앤알,False,,
475660,에스켐,False,,
415380,스튜디오삼익,False,,
398120,에스지헬스케어,False,,
131180,딜리,False,,
223310,사토시홀딩스,False,,
054940,엑사이엔씨,False,,
115530,씨엔플러스,False,,
177830,파버나인,False,,
039740,한국정보공학,False,,
318000,KBG,False,,
060230,제이케이시냅스,False,,
267790,배럴,False,,
405920,나라셀라,False,,
058110,멕아이씨에스,False,,
462510,라메디텍,False,,
115160,휴맥스,False,,
208350,지란지교시큐리티,False,,
038880,아이에이,False,,
023770,플레이위드,False,,
035200,프럼파스트,False,,
148780,비큐AI,False,,
222980,한국맥널티,False,,
020400,대동금속,False,,
378800,샤페론,False,,
365590,하이딥,False,,
298060,풍전약품,False,,
206560,덱스터,False,,
016100,리더스코스메틱,False,,
352940,인바이오,False,,
464500,아이언디바이스,False,,
188040,바이오포트,False,,
051380,피씨디렉트,False,,
043590,웰킵스하이텍,False,,
032680,소프트센,False,,
033200,모아텍,False,,
036480,대성미생물,False,,
417180,핑거스토리,False,,
007720,소노스퀘어,False,,
154040,다산솔루에타,False,,
018680,서울제약,False,,
224060,더코디,False,,
017250,인터엠,False,,
187220,디티앤씨,False,,
044480,빌리언스,False,,
013810,스페코,False,,
276730,한울앤제주,False,,
039310,세중,False,,
115570,스타플렉스,False,,
257370,피엔티엠에스,False,,
032860,더라미,False,,
065690,파커스,False,,
192390,윈하이텍,False,,
063760,이엘피,False,,
018700,졸스,False,,
303530,이노뎁,False,,
032800,판타지오,False,,
362990,드림인사이트,False,,
331520,밸로프,False,,
432980,엠에프씨,False,,
002680,한탑,False,,
317120,라닉스,False,,
241840,에이스토리,False,,
377330,이지트로닉스,False,,
065370,위세아이텍,False,,
054220,비츠로시스,False,,
130740,티피씨글로벌,False,,
372800,아이티아이즈,False,,
440320,오픈놀,False,,
032080,아즈텍WB,False,,
237750,피앤씨테크,False,,
032280,삼일,False,,
027580,상보,False,,
238200,비피도,False,,
277410,인산가,False,,
247660,나노씨엠에스,False,,
215480,토박스코리아,False,,
340440,세림B&G,False,,
067730,로지시스,False,,
424760,벨로크,False,,
053060,세동,False,,
219750,한국비티비,False,,
043360,디지아이,False,,
038530,케이바이오랩스,False,,
301300,바이브컴퍼니,False,,
019660,글로본,False,,
095910,에스에너지,False,,
344860,이노진,False,,
429270,시지트로닉스,False,,
045520,크린앤사이언스,False,,
200230,텔콘RF제약,False,,
383930,디티앤씨알오,False,,
069330,유아이디,False,,
438700,버넥트,False,,
021040,대호특수강,False,,
361670,삼영에스앤씨,False,,
098660,에스티오,False,,
289220,자이언트스텝,False,,
275630,에스에스알,False,,
026910,광진실업,False,,
131100,티엔엔터테인먼트,False,,
085810,알티캐스트,False,,
900110,딥커머스,False,,
405000,플라즈맵,False,,
084440,유비온,False,,
024940,PN풍년,False,,
353190,휴럼,False,,
096870,엘디티,False,,
227610,아우딘퓨쳐스,False,,
083470,이엠앤아이,False,,
080470,성창오토텍,False,,
065150,대산F&B,False,,
347770,핌스,False,,
113810,디젠스,False,,
073190,듀오백,False,,
274400,이노시뮬레이션,False,,
048830,엔피케이,False,,
065060,지엔코,False,,
050760,에스폴리텍,False,,
154030,아시아종묘,False,,
056730,CNT85,False,,
403490,우듬지팜,False,,
214610,롤링스톤,False,,
342870,오아,False,,
018620,우진비앤지,False,,
252500,세화피앤씨,False,,
054410,케이피티유,False,,
051780,큐로홀딩스,False,,
196700,웹스,False,,
110020,전진바이오팜,False,,
031860,디에이치엑스컴퍼니,False,,
115610,이미지스,False,,
455180,케이지에이,False,,
023790,동일스틸럭스,False,,
195990,루트K,False,,
365900,브이씨,False,,
014100,메디앙스,False,,
279600,미디어젠,False,,
210120,캔버스엔,False,,
137940,넥스트아이,False,,
419540,비스토스,False,,
060900,에이전트AI,False,,
353590,오토앤,False,,
009620,삼보산업,False,,
037400,우리엔터프라이즈,False,,
060480,국일신동,False,,
0197V0,엔에이치스팩34호,False,,
900120,씨엑스아이,False,,
373110,엑셀세라퓨틱스,False,,
088290,이원컴포텍,False,,
482680,미래에셋비전스팩7호,False,,
050090,비케이홀딩스,False,,
241820,피씨엘,False,,
477380,미래에셋비전스팩4호,False,,
078860,아이오케이이엔엠,False,,
291810,핀텔,False,,
0200G0,한국제17호스팩,False,,
034940,조아제약,False,,
309930,조이웍스앤코,False,,
225590,패션플랫폼,False,,
289010,아이스크림에듀,False,,
079950,인베니아,False,,
285800,진영,False,,
376930,노을,False,,
009730,이렘,False,,
065650,하이퍼코퍼레이션,False,,
0072Z0,KB제33호스팩,False,,
477340,에이치엠씨제7호스팩,False,,
103230,에스앤더블류,False,,
0130H0,엔에이치스팩33호,False,,
0101C0,하나36호스팩,False,,
030350,드래곤플라이,False,,
177350,베셀,False,,
0044K0,삼성스팩10호,False,,
092600,앤씨앤,False,,
473050,유안타제15호스팩,False,,
0115H0,삼성스팩13호,False,,
489480,키움제11호스팩,False,,
335870,윙스풋,False,,
306040,에스제이그룹,False,,
478440,미래에셋비전스팩6호,False,,
479880,한국제15호스팩,False,,
475460,미트박스,False,,
377220,프롬바이오,False,,
0165X0,메리츠제2호스팩,False,,
239340,이스트에이드,False,,
0099W0,미래에셋비전스팩11호,False,,
0209J0,KB제34호스팩,False,,
304840,피플바이오,False,,
352770,셀레스트라,False,,
244460,올리패스,False,,
0134X0,대신밸런스제20호스팩,False,,
418620,E8,False,,
303030,지니틱스,False,,
067770,세진티에스,False,,
481890,엔에이치스팩31호,False,,
0164H0,한국제16호스팩,False,,
101000,KS인더스트리,False,,
0099X0,IBKS제25호스팩,False,,
035620,바른손이앤에이,False,,
0096B0,삼성스팩12호,False,,
478390,KB제29호스팩,False,,
489730,디비금융제13호스팩,False,,
0097F0,미래에셋비전스팩10호,False,,
079190,케스피온,False,,
054180,메디콕스,False,,
028080,휴맥스홀딩스,False,,
492220,KB제31호스팩,False,,
482520,교보16호스팩,False,,
0037T0,KB제32호스팩,False,,
0093G0,미래에셋비전스팩8호,False,,
0054V0,엔에이치스팩32호,False,,
0131D0,키움히어로제2호스팩,False,,
0091W0,신영스팩11호,False,,
065570,삼영이엔씨,False,,
006050,국영지앤엠,False,,
477760,DB금융스팩12호,False,,
0088D0,메리츠제1호스팩,False,,
0041L0,하나35호스팩,False,,
0132G0,교보20호스팩,False,,
469900,하나31호스팩,False,,
482690,대신밸런스제19호스팩,False,,
060260,뉴보텍,False,,
474660,신한제12호스팩,False,,
474490,유안타제16호스팩,False,,
487360,신한제14호스팩,False,,
354200,엔젠바이오,False,,
0071M0,삼성스팩11호,False,,
477470,미래에셋비전스팩5호,False,,
131760,파인텍,False,,
0105P0,유진스팩12호,False,,
208640,썸에이지,False,,
496070,신한제16호스팩,False,,
0129K0,신한제18호스팩,False,,
486630,KB제30호스팩,False,,
0096D0,미래에셋비전스팩9호,False,,
0098T0,교보19호스팩,False,,
493790,유안타제17호스팩,False,,
0004Y0,디비금융제14호스팩,False,,
489210,교보17호스팩,False,,
043100,알파AI,False,,
0130D0,신한제17호스팩,False,,
478110,이베스트스팩6호,False,,
466690,키움히어로제1호스팩,False,,
305090,마이크로디지탈,False,,
0041B0,교보18호스팩,False,,
498390,한화플러스제5호스팩,False,,
142760,모아라이프플러스,False,,
488060,유진스팩11호,False,,
106080,케이이엠텍,False,,
065770,CS,False,,
012340,뉴인텍,False,,
484130,하나34호스팩,False,,
473950,에스케이증권제13호스팩,False,,
240600,유진테크놀로지,False,,
469480,IBKS제24호스팩,False,,
288980,모아데이타,False,,
487830,신한제15호스팩,False,,
468760,유진스팩10호,False,,
472230,에스케이증권제11호스팩,False,,
487720,키움제10호스팩,False,,
0068Y0,비엔케이제3호스팩,False,,
001000,신라섬유,False,,
0041J0,엘에스스팩1호,False,,
03481K,해성산업1우,False,,
087260,모바일어플라이언스,False,,
475250,하나33호스팩,False,,
079970,투비소프트,False,,
474930,신한제13호스팩,False,,
308100,형지글로벌,False,,
065420,에스아이리소스,False,,
276040,스코넥,False,,
473000,에스케이증권제12호스팩,False,,
475240,하나32호스팩,False,,
250930,예선테크,False,,
900100,파이온엑스,False,,
044180,KD,False,,
313760,캐리,False,,
058450,한주에이알티,False,,
052770,아이톡시,False,,
225430,케이엠제약,False,,
025870,신라에스지,False,,
084180,수성웹툰,False,,
199730,바이오인프라,False,,
011080,형지I&C,False,,
196490,디에이테크놀로지,False,,
312610,에이에프더블류,False,,
035290,골드앤에스,False,,
021045,대호특수강우,False,,
032685,소프트센우,False,,
215580,대우스팩3호,True,2015-05-19,2017-12-26
023430,아이이,True,1994-10-07,2017-12-20
207930,SK1호스팩,True,2015-03-31,2017-11-06
206660,골든브릿지제2호스팩,True,2015-02-05,2017-10-20
207720,엔에이치SL스팩,True,2014-12-17,2017-10-16
061460,한진피앤씨,True,2002-04-11,2017-09-29
000327,노루홀딩스2우B,True,2007-09-28,2017-09-28
095300,엔에스브이,True,2009-04-17,2017-09-12
005620,대성합동지주,True,1976-12-28,2017-08-25
005255,녹십자홀딩스1우,True,1994-11-22,2017-08-07
208870,하나머스트3호스팩,True,2014-12-24,2017-07-31
002550,KB손해보험,True,1976-07-05,2017-07-21
021960,KB캐피탈,True,1996-11-19,2017-07-21
204650,케이티비스팩1호,True,2014-11-24,2017-07-07
004740,보루네오,True,1988-09-22,2017-07-05
204760,현대에이블스팩1호,True,2014-11-10,2017-06-15
204440,대우스팩2호,True,2014-10-22,2017-05-29
003419,쌍용양회3우B,True,1999-06-15,2017-05-16
036500,에스에스컴텍,True,1999-12-14,2017-05-11
058370,비엔씨컴퍼니,True,2002-02-19,2017-05-08
086830,신양오라컴,True,2006-12-27,2017-05-08
001689,대상3우B,True,2007-04-27,2017-04-28
110570,넥솔론,True,2011-10-14,2017-04-17
052270,우전,True,2001-06-05,2017-04-13
007190,한솔아트원제지,True,1974-06-24,2017-03-15
007197,한솔아트원제지2우B,True,2009-07-06,2017-03-15
068150,케이엔씨글로벌,True,2003-07-21,2017-03-07
117930,한진해운,True,2009-12-29,2017-03-07
066270,SK컴즈,True,2003-11-07,2017-02-27
060910,프리젠,True,2002-12-13,2017-02-24
037620,미래에셋증권,True,2006-02-15,2017-01-20
068870,LG생명과학,True,2002-08-16,2017-01-17
068875,LG생명과학우,True,2002-08-16,2017-01-17
104120,신성에프에이,True,2008-09-01,2017-01-02
104110,신성이엔지,True,2008-09-01,2017-01-02
011720,현대페인트,True,1989-05-30,2016-11-21
003450,현대증권,True,1975-09-30,2016-11-01
053810,아이팩토리,True,2002-07-19,2016-09-19
037340,씨엘인터내셔널,True,1999-12-14,2016-09-08
074150,엠제이비,True,2005-07-08,2016-09-05
025270,부산방직,True,1995-03-20,2016-08-18
019300,태림페이퍼,True,1995-08-18,2016-08-11
082390,피엘에이,True,2005-07-26,2016-07-25
008020,경남에너지,True,1994-08-12,2016-05-19
008900,티이씨앤코,True,1984-09-19,2016-05-17
086200,제이앤유글로벌,True,2006-06-07,2016-05-09
078780,아이디에스,True,2005-11-29,2016-04-28
158380,삼목강업,True,2013-04-30,2016-04-21
051310,포스코플랜텍,True,2007-11-29,2016-04-15
065270,플렉스컴,True,2002-10-23,2016-04-12
025850,한화화인케미칼,True,1995-11-10,2016-03-15
111610,승화프리텍,True,2010-01-06,2016-01-25
003940,삼양제넥스,True,1987-06-26,2016-01-21
003945,삼양제넥우,True,1990-02-21,2016-01-21
035480,제이테크놀로지,True,1999-11-18,2019-12-12
264290,한화에이스스팩3호,True,2017-05-02,2019-12-06
017680,데코앤이,True,1993-09-03,2019-11-20
262830,대신밸런스제4호스팩,True,2017-03-03,2019-10-10
257730,신한제3호스팩,True,2017-02-23,2019-10-01
225650,쿠첸,True,2015-09-04,2019-09-16
232330,SK3호스팩,True,2016-11-16,2019-08-30
026180,현대정보기술,True,2000-08-08,2019-07-17
079660,사조해표,True,2004-09-21,2019-06-26
002250,알보젠코리아,True,1973-11-10,2019-05-20
004987,성신양회2우B,True,1999-03-15,2019-05-10
004989,성신양회3우B,True,2001-02-01,2019-05-10
065160,에프티이앤이,True,2002-07-30,2019-05-03
123100,원익테라세미콘,True,2011-11-01,2019-02-20
000030,우리은행,True,2014-11-19,2019-02-13
240540,한국4호스팩,True,2016-06-22,2019-01-29
004130,대덕GDS,True,1987-08-10,2018-12-19
004135,대덕GDS우,True,1988-10-21,2018-12-19
002000,한국유리,True,1969-06-27,2018-12-13
002005,한국유리우,True,1989-12-20,2018-12-13
192530,광주은행,True,2014-05-22,2018-10-26
194610,우성아이비,True,2014-06-10,2018-10-12
155960,지디,True,2013-02-13,2018-10-12
232270,케이비제9호스팩,True,2016-02-29,2018-10-12
235010,하이에이아이1호스팩,True,2016-03-04,2018-10-12
032040,C&S자산관리,True,1997-01-23,2018-10-11
081970,넥스지,True,2007-08-20,2018-10-11
047440,레이젠,True,2001-11-20,2018-10-11
026260,위너지스,True,1996-09-24,2018-10-11
052290,트레이스,True,2001-05-31,2018-10-11
005980,성지건설,True,1995-03-17,2018-10-04
016170,카카오M,True,2001-01-11,2018-09-18
043580,에임하이,True,2001-08-02,2018-08-10
230490,동부제4호스팩,True,2015-12-18,2018-07-26
130960,CJ E&M,True,2010-10-15,2018-07-18
090730,SIMPAC Metal,True,2008-10-17,2018-07-17
024660,하림홀딩스,True,1997-08-06,2018-07-16
099660,신텍,True,2009-04-30,2018-07-09
226850,키움스팩4호,True,2015-10-29,2018-06-05
225440,이베스트스팩3호,True,2015-10-19,2018-05-28
013367,일성건설2우B,True,2007-06-29,2018-05-11
087220,스틸플라워,True,2009-10-27,2018-05-08
099830,씨그널엔터테인먼트그룹,True,2011-01-24,2018-05-04
221200,유진스팩3호,True,2015-09-09,2018-04-17
223040,교보5호스팩,True,2015-08-27,2018-03-30
221950,케이비드림3호스팩,True,2015-08-21,2018-03-30
008000,도레이케미칼,True,1977-06-30,2018-03-20
051170,썬코어,True,2001-10-23,2018-03-15
222390,케이비제8호스팩,True,2015-08-05,2018-03-13
039790,위노바,True,2000-07-25,2018-03-09
219860,한화에이스스팩2호,True,2015-07-20,2018-03-02
219960,유안타제2호스팩,True,2015-07-17,2018-02-23
218710,키움스팩3호,True,2015-07-06,2018-02-14
219580,골든브릿지제3호스팩,True,2015-06-30,2018-02-07
217810,엔에이치스팩7호,True,2015-06-12,2018-01-19
215750,미래에셋제3호스팩,True,2015-05-22,2018-01-04
036490,SK머티리얼즈,True,1999-12-14,2021-12-27
045890,GV,True,2005-11-28,2021-12-20
313750,유안타제4호스팩,True,2019-03-21,2021-12-07
317320,한화에스비아이스팩,True,2019-05-03,2021-12-07
031390,녹십자셀,True,1998-09-25,2021-11-17
144620,코오롱머티리얼,True,2012-04-05,2021-11-05
317030,케이비17호스팩,True,2019-03-27,2021-11-04
087730,이엠네트웍스,True,2008-04-04,2021-10-08
033110,코너스톤네트웍스,True,1997-08-18,2021-10-08
039230,에이아이비트,True,2000-06-22,2021-10-06
213090,미래테크놀로지,True,2015-12-01,2021-10-05
111820,지유온,True,2010-06-18,2021-09-30
310840,엔에이치스팩13호,True,2018-12-24,2021-09-23
141070,맥스로텍,True,2012-11-16,2021-09-16
080440,에스제이케이,True,2005-05-13,2021-09-13
033430,디에스티,True,1998-05-25,2021-09-02
086250,이노와이즈,True,2006-11-10,2021-08-31
033660,우리금융캐피탈,True,2009-06-25,2021-08-27
038160,팍스넷,True,2016-08-01,2021-08-23
033600,럭슬,True,2000-11-21,2021-08-11
065620,제낙스,True,2002-06-27,2021-08-09
311270,키움제5호스팩,True,2018-12-26,2021-08-02
043290,케이맥,True,2011-10-25,2021-07-20
028150,GS홈쇼핑,True,2000-01-20,2021-07-16
307070,SK4호스팩,True,2018-12-07,2021-07-13
307160,하나머스트제6호스팩,True,2018-11-30,2021-07-08
226350,아이엠텍,True,2016-02-03,2021-06-11
195440,퓨전,True,2016-12-21,2021-06-10
008800,행남사,True,1993-09-03,2021-06-07
073070,에이팸,True,2004-01-28,2021-06-04
102210,에이치디,True,2009-05-21,2021-04-19
023890,한국아트라스비엑스,True,1994-11-23,2021-04-19
005190,동성화학,True,1988-07-01,2021-04-16
028040,미래SCI,True,1996-07-27,2021-04-13
036260,이매진아시아,True,1999-12-10,2021-02-15
291210,한국제7호스팩,True,2018-05-11,2021-01-15
057500,SKC 솔믹스,True,2001-12-26,2020-12-23
152330,코리아오토글라스,True,2015-12-29,2020-12-18
003415,쌍용양회우,True,1992-04-23,2020-12-03
194510,파티게임즈,True,2014-11-21,2020-09-09
277480,신한제4호스팩,True,2017-10-20,2020-08-20
204990,코썬바이오,True,2016-12-09,2020-08-11
065940,바이오빌,True,2003-01-07,2020-07-31
281410,한국제6호스팩,True,2017-12-21,2020-07-27
004200,고려개발,True,1978-10-30,2020-07-21
108790,인터파크,True,2014-02-06,2020-07-16
002300,한국제지,True,1971-06-23,2020-07-13
149940,모다,True,2012-09-25,2020-07-10
279410,한화에이스스팩4호,True,2017-11-27,2020-07-03
134780,화진,True,2011-08-10,2020-07-02
005450,신한,True,1978-07-28,2020-06-30
112240,에스에프씨,True,2011-11-30,2020-06-30
276920,IBKS제7호스팩,True,2017-11-10,2020-06-18
103130,웅진에너지,True,2010-06-30,2020-06-01
094190,이엘케이,True,2007-10-29,2020-05-22
030270,에스마크,True,1997-01-17,2020-05-21
054340,피앤텔,True,2002-01-10,2020-05-21
197210,리드,True,2015-11-20,2020-05-14
027390,한화갤러리아타임월드,True,1996-01-30,2020-04-16
123260,파인넥스,True,2011-12-05,2020-04-10
001799,대한제당3우B,True,2010-04-09,2020-04-08
011160,두산건설,True,1996-01-30,2020-03-24
271740,한국제5호스팩,True,2017-07-24,2020-03-03
079440,오렌지라이프,True,2017-05-11,2020-02-14
122800,썬텍,True,2010-11-26,2020-02-12
077280,한컴지엠디,True,2004-06-02,2020-01-16
265920,한화수성스팩,True,2017-06-08,2020-01-15
265480,미래에셋대우스팩1호,True,2017-05-26,2020-01-03
377630,삼성스팩4호,True,2021-05-21,2023-12-27
450410,엔에이치스팩28호,True,2023-03-09,2023-12-21
046140,SBS콘텐츠허브,True,2003-02-05,2023-12-18
373340,유진스팩6호,True,2021-04-08,2023-12-13
138690,엘아이에스,True,2011-06-02,2023-12-06
367360,DB금융스팩9호,True,2021-03-16,2023-11-24
015540,에코바이브,True,1989-09-02,2023-11-07
405350,IBKS제17호스팩,True,2022-02-18,2023-11-03
440200,케이비제23호스팩,True,2022-11-03,2023-11-03
085370,루트로닉,True,2006-07-04,2023-10-27
08537M,루트로닉3우C,True,2016-12-15,2023-10-27
069110,코스온,True,2003-10-14,2023-10-20
353060,에이치엠씨제5호스팩,True,2020-12-16,2023-09-22
400560,하나금융20호스팩,True,2021-12-27,2023-09-19
366330,신한제7호스팩,True,2021-02-04,2023-09-18
367480,유안타제8호스팩,True,2021-04-05,2023-09-08
409570,한국제10호스팩,True,2022-02-21,2023-08-31
298870,우리벤처파트너스,True,2021-12-16,2023-08-28
010050,우리종금,True,1974-09-11,2023-08-28
048260,오스템임플란트,True,2007-02-07,2023-08-14
078650,지나인제약,True,2010-10-22,2023-07-21
367340,DB금융스팩8호,True,2020-12-09,2023-07-17
000995,DB하이텍1우,True,2007-05-21,2023-07-17
001745,SK네트웍스우,True,1989-12-21,2023-07-17
096640,멜파스,True,2009-12-18,2023-07-17
010145,삼성중공우,True,1994-11-22,2023-07-17
004565,현대비앤지스틸우,True,1989-08-31,2023-07-17
000547,흥국화재2우B,True,1999-08-09,2023-07-17
388220,하나금융19호스팩,True,2021-10-07,2023-05-23
353490,미래에셋대우스팩 5호,True,2020-08-28,2023-05-17
050540,엠피씨플러스,True,2005-12-12,2023-05-08
396770,엔에이치스팩22호,True,2021-12-24,2023-04-28
008560,메리츠증권,True,1992-01-15,2023-04-25
426670,대신밸런스제12호스팩,True,2022-07-14,2023-04-20
058420,제이웨이,True,2002-01-10,2023-04-14
056000,코원플레이,True,2003-07-11,2023-03-30
387310,대신밸런스제10호스팩,True,2021-09-17,2023-03-16
353070,에이치엠씨제4호스팩,True,2020-07-29,2023-03-10
397500,대신밸런스제11호스팩,True,2021-12-02,2023-03-09
343510,하나금융16호스팩,True,2020-07-23,2023-03-02
351340,IBKS제13호스팩,True,2020-07-15,2023-02-21
000060,메리츠화재,True,1956-07-02,2023-02-21
344050,신영스팩6호,True,2020-02-12,2023-02-17
064510,유네코,True,2018-03-15,2023-01-17
342550,케이비제20호스팩,True,2020-01-30,2022-12-29
349720,이베스트스팩5호,True,2020-05-20,2022-12-26
341160,하나금융15호스팩,True,2020-01-30,2022-12-23
217600,켐온,True,2015-06-26,2022-12-16
290510,코리아센터,True,2019-11-29,2022-12-16
367460,유안타제7호스팩,True,2020-12-28,2022-12-08
131390,원익피앤이,True,2011-09-27,2022-11-29
158310,참존글로벌,True,2013-04-03,2022-11-09
060300,레드로버,True,2002-01-10,2022-11-04
347140,케이프이에스제4호,True,2020-03-24,2022-10-31
126870,뉴로스,True,2012-02-15,2022-10-26
337450,SK5호스팩,True,2019-12-04,2022-10-18
340350,SK6호스팩,True,2020-03-11,2022-10-18
090740,연이비앤티,True,2007-09-19,2022-10-17
182690,테라셈,True,2014-10-30,2022-10-17
046110,한일네트웍스,True,2006-01-20,2022-10-05
332710,하나금융14호스팩,True,2019-11-01,2022-09-26
127160,매직마이크로,True,2015-11-19,2022-09-22
053110,소리바다,True,2001-10-09,2022-09-07
340120,하이제5호스팩,True,2019-12-23,2022-07-28
002270,롯데푸드,True,1973-05-09,2022-07-20
016385,KG스틸우,True,1989-09-21,2022-07-15
001529,동양3우B,True,2007-08-03,2022-07-15
009275,신원우,True,1989-03-07,2022-07-15
176440,에이치엔티,True,2016-11-28,2022-06-27
220630,맘스터치,True,2015-08-28,2022-05-31
050320,에스에이치엔엘,True,2002-01-15,2022-05-31
052190,세영디앤씨,True,2001-06-21,2022-05-27
330990,케이비제19호스팩,True,2019-09-30,2022-05-09
053660,현진소재,True,2002-02-15,2022-04-26
039670,스포츠서울,True,2004-01-16,2022-04-20
041140,넥슨지티,True,2000-07-25,2022-04-15
066110,한프,True,2002-07-16,2022-04-06
329560,상상인이안제2호스팩,True,2019-08-30,2022-04-04
138250,엔에스쇼핑,True,2015-03-27,2022-03-22
225330,씨엠에스에듀,True,2016-04-07,2022-03-17
114570,지스마트글로벌,True,2010-02-04,2022-02-23
007630,폴루스바이오팜,True,1988-10-24,2022-02-22
323210,이베스트이안스팩1호,True,2019-07-15,2022-02-17
323940,케이비제18호스팩,True,2019-06-24,2022-02-04
101060,SBS미디어홀딩스,True,2008-03-24,2022-01-18
015350,부산가스,True,1997-06-23,2022-01-18
221610,자안바이오,True,2016-01-27,2022-01-05
054630,에이디칩스,True,2001-11-13,2025-12-30
448760,IBKS제22호스팩,True,2023-04-06,2025-12-29
010620,HD현대미포,True,1983-12-20,2025-12-15
335890,비올,True,2019-12-03,2025-12-10
102280,쌍방울,True,2008-06-10,2025-11-28
014200,광림,True,1993-07-07,2025-11-26
151910,퓨처코어,True,2012-08-02,2025-11-26
006390,한일현대시멘트,True,1975-12-26,2025-11-21
442770,IBKS제21호스팩,True,2022-12-16,2025-11-17
448370,하나27호스팩,True,2023-04-06,2025-11-13
091090,세원이앤씨,True,2006-07-31,2025-10-27
454750,하나28호스팩,True,2023-08-10,2025-10-27
442900,미래에셋드림스팩1호,True,2023-03-15,2025-10-23
446750,하나26호스팩,True,2023-03-07,2025-10-16
448740,삼성스팩8호,True,2023-03-02,2025-10-14
449020,유안타제13호스팩,True,2023-02-28,2025-10-10
005390,신성통상,True,1975-12-22,2025-09-30
010420,한솔PNS,True,1989-05-31,2025-09-25
093230,이아이디,True,2007-11-01,2025-09-11
096040,이트론,True,2008-01-25,2025-09-10
024810,이화전기,True,1994-12-29,2025-09-10
446190,미래에셋비전스팩2호,True,2023-02-24,2025-09-09
019590,에스유앤피,True,1989-03-14,2025-09-08
430220,신영스팩8호,True,2022-08-26,2025-08-22
290380,대유,True,2018-08-10,2025-08-21
044060,조광ILI,True,2001-01-18,2025-08-21
000075,삼양홀딩스우,True,1992-02-21,2025-08-20
445970,신영스팩9호,True,2022-12-27,2025-08-01
049770,동원F&B,True,2000-11-23,2025-07-31
445360,비엔케이제1호스팩,True,2022-12-22,2025-07-28
440820,엔에이치스팩27호,True,2022-12-16,2025-07-21
000885,한화우,True,1990-01-22,2025-07-15
023460,CNH,True,1994-10-07,2025-07-14
440790,교보13호스팩,True,2022-11-02,2025-07-11
442310,대신밸런스제14호스팩,True,2022-12-05,2025-07-11
476470,KB제28호스팩,True,2024-05-17,2025-07-09
442130,유진스팩9호,True,2022-12-01,2025-07-09
439410,엔에이치스팩26호,True,2022-12-01,2025-07-08
323230,엠에프엠코리아,True,2019-06-19,2025-06-19
226440,한송네오텍,True,2015-10-06,2025-06-19
071460,위니아,True,2016-07-14,2025-06-18
072520,제넨바이오,True,2004-10-29,2025-06-18
468510,삼성스팩9호,True,2023-12-04,2025-06-17
029960,코엔텍,True,2004-06-18,2025-06-16
438580,엔에이치스팩25호,True,2022-11-03,2025-06-11
439730,IBKS제20호스팩,True,2022-10-28,2025-06-02
439250,삼성스팩7호,True,2022-10-26,2025-06-02
012600,청호ICT,True,1990-07-10,2025-05-27
437780,엔에이치스팩24호,True,2022-10-20,2025-05-26
435620,하나금융25호스팩,True,2022-10-20,2025-05-26
456440,DB금융스팩11호,True,2023-07-12,2025-05-16
435870,에스케이증권제8호스팩,True,2022-10-06,2025-05-16
457390,대신밸런스제15호스팩,True,2023-08-30,2025-05-15
435380,유안타제10호스팩,True,2022-10-06,2025-05-14
477530,한국제14호스팩,True,2024-06-19,2025-04-29
418210,신한제10호스팩,True,2022-07-29,2025-04-04
214870,한울BnC,True,2015-10-13,2025-03-31
458320,KB제26호스팩,True,2023-08-10,2025-03-28
038340,MIT,True,2001-11-22,2025-03-28
430700,유안타제9호스팩,True,2022-08-04,2025-03-17
268600,셀리버리,True,2018-11-09,2025-03-07
433530,키움제7호스팩,True,2022-09-07,2025-03-07
413600,키움제6호스팩,True,2022-04-07,2025-02-28
034300,신세계건설,True,2002-06-17,2025-02-24
376190,LB루셈,True,2021-06-11,2025-02-21
078940,퀀타피아,True,2004-08-27,2025-02-19
299910,애닉,True,2018-12-03,2025-02-14
160600,이큐셀,True,2015-06-26,2025-02-14
425290,삼성스팩6호,True,2022-06-30,2025-02-11
422040,엔에이치스팩23호,True,2022-06-28,2025-02-10
424140,케이비제21호스팩,True,2022-06-23,2025-02-04
412930,미래에셋비전스팩1호,True,2022-04-21,2025-01-21
406760,하나금융21호스팩,True,2022-02-25,2024-12-26
214310,에스엘에너지,True,2015-06-25,2024-12-23
080000,에스엔유,True,2005-01-25,2024-12-20
418170,하나금융22호스팩,True,2022-05-26,2024-12-19
430460,한화플러스제3호스팩,True,2022-09-29,2024-12-13
115390,락앤락,True,2010-01-28,2024-12-09
415580,상상인제3호스팩,True,2022-04-29,2024-12-04
138580,비즈니스온,True,2017-11-30,2024-11-22
438220,대신밸런스제13호스팩,True,2022-11-28,2024-11-20
421800,교보12호스팩,True,2022-06-24,2024-11-19
062860,티엘아이,True,2006-07-25,2024-11-14
287410,제이시스메디칼,True,2018-05-08,2024-11-07
263540,어스앤에어로스페이스,True,2017-09-15,2024-11-06
164060,이루다,True,2020-08-06,2024-10-22
282690,동아타이어,True,2017-11-29,2024-10-08
053590,한국테크놀로지,True,2001-08-23,2024-10-07
436610,한국제11호스팩,True,2022-10-20,2024-09-27
119860,커넥트웨이브,True,2011-01-24,2024-09-24
089530,에이티세미콘,True,2011-11-11,2024-09-06
430230,하나금융24호스팩,True,2022-09-29,2024-09-03
065560,녹원씨엔아이,True,2003-07-01,2024-07-29
400840,하이제7호스팩,True,2021-12-20,2024-07-26
136510,스마트솔루션즈,True,2011-11-18,2024-07-25
181340,이즈미디어,True,2017-07-26,2024-07-10
003410,쌍용C&E,True,1975-05-03,2024-07-09
388800,유진스팩7호,True,2021-09-13,2024-07-02
058530,파나케이아,True,2002-02-05,2024-06-25
006580,대양제지,True,1993-12-29,2024-06-21
161570,THE MIDONG,True,2013-11-13,2024-06-17
386580,한화플러스제2호스팩,True,2021-08-05,2024-06-17
405640,신한제9호스팩,True,2022-04-27,2024-06-11
148140,비디아이,True,2017-11-09,2024-06-07
391060,엔에이치스팩20호,True,2021-10-05,2024-05-14
030790,비케이탑스,True,2010-11-02,2024-05-13
058220,아리온,True,2005-08-05,2024-05-03
436530,케이비제22호스팩,True,2022-09-22,2024-05-03
393360,신한제8호스팩,True,2021-09-27,2024-04-30
001725,신영증권우,True,1988-08-16,2024-04-26
419270,신영스팩7호,True,2022-04-28,2024-04-25
397880,교보11호스팩,True,2021-12-20,2024-03-25
115960,연우,True,2015-11-02,2024-03-06
001880,DL건설,True,1977-12-22,2024-03-04
372290,하나머스트7호스팩,True,2021-03-05,2024-02-19
426550,IBKS제19호스팩,True,2022-08-26,2024-02-15
114120,크루셜텍,True,2010-07-21,2024-02-15
427950,하나금융23호스팩,True,2022-09-15,2024-02-01
068400,SK렌터카,True,2012-07-27,2024-01-31
377400,하이제6호스팩,True,2021-05-10,2024-01-25
380320,삼성머스트스팩5호,True,2021-06-17,2024-01-23
091990,셀트리온헬스케어,True,2017-07-28,2024-01-12
404950,DB금융스팩10호,True,2022-01-20,2024-01-04
141020,디에스앤엘,True,2013-01-29,2024-01-03
380440,엔에이치스팩19호,True,2021-05-21,2024-01-02
008290,원풍물산,True,1997-07-18,2026-09-21
046070,코다코,True,2000-12-26,2026-09-21
082660,코스나인,True,2005-10-05,2026-09-21
006380,카프로,True,1974-05-28,2026-09-17
465320,교보15호스팩,True,2023-12-05,2026-09-15
121850,코이즈,True,2012-09-27,2026-09-14
472220,신영스팩10호,True,2024-02-06,2026-09-11
096610,알에프세미,True,2007-11-20,2026-09-03
471050,대신밸런스제17호스팩,True,2024-01-24,2026-09-01
082640,동양생명,True,2009-10-08,2026-08-31
269620,시스웍,True,2017-12-26,2026-08-25
299900,위지윅스튜디오,True,2018-12-20,2026-08-18
031440,신세계푸드,True,2010-04-29,2026-08-11
043090,더테크놀로지,True,2001-10-11,2026-08-10
469880,하나30호스팩,True,2023-12-22,2026-07-31
467930,IBKS제23호스팩,True,2023-12-22,2026-07-28
060240,스타코링크,True,2002-01-04,2026-07-24
057050,현대홈쇼핑,True,2010-09-13,2026-07-20
012510,더존비즈온,True,1988-10-28,2026-07-15
203690,아크솔루션스,True,2014-09-30,2026-07-08
222160,NPX,True,2021-11-18,2026-07-07
106520,노블엠앤비,True,2012-07-13,2026-07-01
032980,바이온,True,1997-08-06,2026-07-01
101390,아이엠,True,2008-07-23,2026-07-01
227100,프로브잇,True,2018-11-15,2026-07-01
230360,에코마케팅,True,2016-08-08,2026-06-30
008500,일정실업,True,1994-08-12,2026-06-30
464440,한국제13호스팩,True,2023-11-13,2026-06-18
451700,엔에이치스팩29호,True,2023-06-23,2026-06-10
464680,KB제27호스팩,True,2023-11-03,2026-06-09
230980,비유테크놀러지,True,2016-03-02,2026-06-05
462020,에이치엠씨제6호스팩,True,2023-10-13,2026-05-19
466910,엔에이치스팩30호,True,2023-12-01,2026-05-19
139050,BF랩스,True,2011-07-29,2026-05-08
217620,선샤인푸드,True,2015-06-10,2026-05-08
452980,신한제11호스팩,True,2023-10-04,2026-05-07
452670,상상인제4호스팩,True,2023-09-14,2026-04-21
138490,코오롱ENP,True,2011-06-15,2026-04-16
457630,대신밸런스제16호스팩,True,2023-09-04,2026-04-15
455310,한화플러스제4호스팩,True,2023-09-07,2026-04-15
444920,유안타제11호스팩,True,2023-09-01,2026-04-06
473370,비엔케이제2호스팩,True,2024-03-05,2026-04-03
458610,한국제12호스팩,True,2023-08-30,2026-04-03
008110,대동전자,True,1990-06-05,2026-03-30
204630,스튜디오산타클로스,True,2014-12-29,2026-03-18
036180,지더블유바이텍,True,1999-12-21,2026-03-17
222810,세토피아,True,2015-08-13,2026-03-16
457940,에스케이증권제10호스팩,True,2023-08-11,2026-03-16
450940,유안타제14호스팩,True,2023-07-27,2026-03-05
455910,에스케이증권제9호스팩,True,2023-07-21,2026-03-04
052670,제일바이오,True,2002-01-24,2026-02-23
019440,세아특수강,True,2011-06-01,2026-02-12
456490,교보14호스팩,True,2023-07-06,2026-02-10
454640,하나29호스팩,True,2023-06-28,2026-02-04
450050,하이제8호스팩,True,2023-06-22,2026-01-29
455250,KB제25호스팩,True,2023-06-23,2026-01-28
446150,유안타제12호스팩,True,2023-03-17,2026-01-28
001140,국보,True,1989-12-02,2026-01-27
208340,파멥신,True,2018-11-21,2026-01-27
042670,HD현대인프라코어,True,2001-02-02,2026-01-26
010600,웰바이오텍,True,1997-07-18,2026-01-26
150840,인트로메딕,True,2013-12-19,2026-01-26
057880,푸른소나무,True,2003-12-29,2026-01-22
003560,IHQ,True,1973-12-18,2026-01-15
033180,KH 필룩스,True,2001-12-26,2026-01-15
226360,KH 건설,True,2015-10-22,2026-01-14
111870,KH 미래물산,True,2010-11-05,2026-01-14
478780,대신밸런스제18호스팩,True,2024-08-22,2026-01-14
448830,미래에셋비전스팩3호,True,2023-04-07,2026-01-14
174880,장원테크,True,2016-07-15,2026-01-14
450140,코오롱모빌리티그룹,True,2023-01-31,2026-01-07
45014K,코오롱모빌리티그룹우,True,2023-01-31,2026-01-07
